bucket_manifest_row_id,promotion_queue_id,suggested_oracle_character_id,suggested_bucket_directory,suggested_character_directory,candidate_class_id,source_id,primary_external_ref_id,source_category_id,source_category_id_padded,validation_class_id,candidate_label_crosswalk_id,source_modern_label_candidate,source_modern_label_codepoints,label_component_count,has_multi_component_label,source_category_member_count,source_category_row_ids,suggested_decipherment_status,assignment_status,promotion_status,required_next_review,rights_status,caution,review_status,updated_at
hust-obc-bucket-001-row-001,hust-obc-obs-char-promo-000001,obs-char-000001,001_000001-000100_obs-char-bucket_oracle-characters,001_obs-char-000001_hust-obc-cat-0001_oracle-character,obs-cand-000001,src-hust-obc,hust-obc-cat-0001,0001,00001,0,hust-obc-label-xwalk-0001,⺀,U+2E80,1,false,1,hust-obc-src-cat-0001,unknown_until_cross_source_review,reserved_candidate_not_assigned,needs_cross_source_review,compare_xiaoxuetang_obm_obimd_evobc_and_primary_inscription_context,source_marked_risk_noted,"This row is a promotion-review queue item only. The suggested obs-char ID is not assigned until cross-source review confirms provenance, form identity, and decipherment status. HUST-OBC labels must not be treated as accepted readings.",needs_review,2026-06-04
hust-obc-bucket-001-row-002,hust-obc-obs-char-promo-000002,obs-char-000002,001_000001-000100_obs-char-bucket_oracle-characters,002_obs-char-000002_hust-obc-cat-0002_oracle-character,obs-cand-000002,src-hust-obc,hust-obc-cat-0002,0002,00002,1,hust-obc-label-xwalk-0002,⺄,U+2E84,1,false,1,hust-obc-src-cat-0002,unknown_until_cross_source_review,reserved_candidate_not_assigned,needs_cross_source_review,compare_xiaoxuetang_obm_obimd_evobc_and_primary_inscription_context,source_marked_risk_noted,"This row is a promotion-review queue item only. The suggested obs-char ID is not assigned until cross-source review confirms provenance, form identity, and decipherment status. HUST-OBC labels must not be treated as accepted readings.",needs_review,2026-06-04
hust-obc-bucket-001-row-003,hust-obc-obs-char-promo-000003,obs-char-000003,001_000001-000100_obs-char-bucket_oracle-characters,003_obs-char-000003_hust-obc-cat-0003_oracle-character,obs-cand-000003,src-hust-obc,hust-obc-cat-0003,0003,00003,2,hust-obc-label-xwalk-0003,⺆,U+2E86,1,false,1,hust-obc-src-cat-0003,unknown_until_cross_source_review,reserved_candidate_not_assigned,needs_cross_source_review,compare_xiaoxuetang_obm_obimd_evobc_and_primary_inscription_context,source_marked_risk_noted,"This row is a promotion-review queue item only. The suggested obs-char ID is not assigned until cross-source review confirms provenance, form identity, and decipherment status. HUST-OBC labels must not be treated as accepted readings.",needs_review,2026-06-04
hust-obc-bucket-001-row-004,hust-obc-obs-char-promo-000004,obs-char-000004,001_000001-000100_obs-char-bucket_oracle-characters,004_obs-char-000004_hust-obc-cat-0004_oracle-character,obs-cand-000004,src-hust-obc,hust-obc-cat-0004,0004,00004,3,hust-obc-label-xwalk-0004,⺊,U+2E8A,1,false,1,hust-obc-src-cat-0004,unknown_until_cross_source_review,reserved_candidate_not_assigned,needs_cross_source_review,compare_xiaoxuetang_obm_obimd_evobc_and_primary_inscription_context,source_marked_risk_noted,"This row is a promotion-review queue item only. The suggested obs-char ID is not assigned until cross-source review confirms provenance, form identity, and decipherment status. HUST-OBC labels must not be treated as accepted readings.",needs_review,2026-06-04
hust-obc-bucket-001-row-005,hust-obc-obs-char-promo-000005,obs-char-000005,001_000001-000100_obs-char-bucket_oracle-characters,005_obs-char-000005_hust-obc-cat-0005_oracle-character,obs-cand-000005,src-hust-obc,hust-obc-cat-0005,0005,00005,4,hust-obc-label-xwalk-0005,⺌,U+2E8C,1,false,1,hust-obc-src-cat-0005,unknown_until_cross_source_review,reserved_candidate_not_assigned,needs_cross_source_review,compare_xiaoxuetang_obm_obimd_evobc_and_primary_inscription_context,source_marked_risk_noted,"This row is a promotion-review queue item only. The suggested obs-char ID is not assigned until cross-source review confirms provenance, form identity, and decipherment status. HUST-OBC labels must not be treated as accepted readings.",needs_review,2026-06-04
hust-obc-bucket-001-row-006,hust-obc-obs-char-promo-000006,obs-char-000006,001_000001-000100_obs-char-bucket_oracle-characters,006_obs-char-000006_hust-obc-cat-0006_oracle-character,obs-cand-000006,src-hust-obc,hust-obc-cat-0006,0006,00006,5,hust-obc-label-xwalk-0006,⺸,U+2EB8,1,false,1,hust-obc-src-cat-0006,unknown_until_cross_source_review,reserved_candidate_not_assigned,needs_cross_source_review,compare_xiaoxuetang_obm_obimd_evobc_and_primary_inscription_context,source_marked_risk_noted,"This row is a promotion-review queue item only. The suggested obs-char ID is not assigned until cross-source review confirms provenance, form identity, and decipherment status. HUST-OBC labels must not be treated as accepted readings.",needs_review,2026-06-04
hust-obc-bucket-001-row-007,hust-obc-obs-char-promo-000007,obs-char-000007,001_000001-000100_obs-char-bucket_oracle-characters,007_obs-char-000007_hust-obc-cat-0007_oracle-character,obs-cand-000007,src-hust-obc,hust-obc-cat-0007,0007,00007,6,hust-obc-label-xwalk-0007,⺻,U+2EBB,1,false,1,hust-obc-src-cat-0007,unknown_until_cross_source_review,reserved_candidate_not_assigned,needs_cross_source_review,compare_xiaoxuetang_obm_obimd_evobc_and_primary_inscription_context,source_marked_risk_noted,"This row is a promotion-review queue item only. The suggested obs-char ID is not assigned until cross-source review confirms provenance, form identity, and decipherment status. HUST-OBC labels must not be treated as accepted readings.",needs_review,2026-06-04
hust-obc-bucket-001-row-008,hust-obc-obs-char-promo-000008,obs-char-000008,001_000001-000100_obs-char-bucket_oracle-characters,008_obs-char-000008_hust-obc-cat-0008_oracle-character,obs-cand-000008,src-hust-obc,hust-obc-cat-0008,0008,00008,7,hust-obc-label-xwalk-0008,⺼,U+2EBC,1,false,1,hust-obc-src-cat-0008,unknown_until_cross_source_review,reserved_candidate_not_assigned,needs_cross_source_review,compare_xiaoxuetang_obm_obimd_evobc_and_primary_inscription_context,source_marked_risk_noted,"This row is a promotion-review queue item only. The suggested obs-char ID is not assigned until cross-source review confirms provenance, form identity, and decipherment status. HUST-OBC labels must not be treated as accepted readings.",needs_review,2026-06-04
hust-obc-bucket-001-row-009,hust-obc-obs-char-promo-000009,obs-char-000009,001_000001-000100_obs-char-bucket_oracle-characters,009_obs-char-000009_hust-obc-cat-0009_oracle-character,obs-cand-000009,src-hust-obc,hust-obc-cat-0009,0009,00009,8,hust-obc-label-xwalk-0009,〢,U+3022,1,false,1,hust-obc-src-cat-0009,unknown_until_cross_source_review,reserved_candidate_not_assigned,needs_cross_source_review,compare_xiaoxuetang_obm_obimd_evobc_and_primary_inscription_context,source_marked_risk_noted,"This row is a promotion-review queue item only. The suggested obs-char ID is not assigned until cross-source review confirms provenance, form identity, and decipherment status. HUST-OBC labels must not be treated as accepted readings.",needs_review,2026-06-04
hust-obc-bucket-001-row-010,hust-obc-obs-char-promo-000010,obs-char-000010,001_000001-000100_obs-char-bucket_oracle-characters,010_obs-char-000010_hust-obc-cat-0010_oracle-character,obs-cand-000010,src-hust-obc,hust-obc-cat-0010,0010,00010,9,hust-obc-label-xwalk-0010,㐀,U+3400,1,false,1,hust-obc-src-cat-0010,unknown_until_cross_source_review,reserved_candidate_not_assigned,needs_cross_source_review,compare_xiaoxuetang_obm_obimd_evobc_and_primary_inscription_context,source_marked_risk_noted,"This row is a promotion-review queue item only. The suggested obs-char ID is not assigned until cross-source review confirms provenance, form identity, and decipherment status. HUST-OBC labels must not be treated as accepted readings.",needs_review,2026-06-04
hust-obc-bucket-001-row-011,hust-obc-obs-char-promo-000011,obs-char-000011,001_000001-000100_obs-char-bucket_oracle-characters,011_obs-char-000011_hust-obc-cat-0011_0012_0013_oracle-character,obs-cand-000011,src-hust-obc,hust-obc-cat-0011_0012_0013,0011_0012_0013,00011;00012;00013,10,hust-obc-label-xwalk-0011,㐁㐂㐃,U+3401;U+3402;U+3403,3,true,3,hust-obc-src-cat-0011;hust-obc-src-cat-0012;hust-obc-src-cat-0013,unknown_until_cross_source_review,reserved_candidate_not_assigned,needs_cross_source_review,compare_xiaoxuetang_obm_obimd_evobc_and_primary_inscription_context,source_marked_risk_noted,"This row is a promotion-review queue item only. The suggested obs-char ID is not assigned until cross-source review confirms provenance, form identity, and decipherment status. HUST-OBC labels must not be treated as accepted readings.",needs_review,2026-06-04
hust-obc-bucket-001-row-012,hust-obc-obs-char-promo-000012,obs-char-000012,001_000001-000100_obs-char-bucket_oracle-characters,012_obs-char-000012_hust-obc-cat-0014_oracle-character,obs-cand-000012,src-hust-obc,hust-obc-cat-0014,0014,00014,11,hust-obc-label-xwalk-0012,㐄,U+3404,1,false,1,hust-obc-src-cat-0014,unknown_until_cross_source_review,reserved_candidate_not_assigned,needs_cross_source_review,compare_xiaoxuetang_obm_obimd_evobc_and_primary_inscription_context,source_marked_risk_noted,"This row is a promotion-review queue item only. The suggested obs-char ID is not assigned until cross-source review confirms provenance, form identity, and decipherment status. HUST-OBC labels must not be treated as accepted readings.",needs_review,2026-06-04
hust-obc-bucket-001-row-013,hust-obc-obs-char-promo-000013,obs-char-000013,001_000001-000100_obs-char-bucket_oracle-characters,013_obs-char-000013_hust-obc-cat-0015_0016_oracle-character,obs-cand-000013,src-hust-obc,hust-obc-cat-0015_0016,0015_0016,00015;00016,12,hust-obc-label-xwalk-0013,㐅㐆,U+3405;U+3406,2,true,2,hust-obc-src-cat-0015;hust-obc-src-cat-0016,unknown_until_cross_source_review,reserved_candidate_not_assigned,needs_cross_source_review,compare_xiaoxuetang_obm_obimd_evobc_and_primary_inscription_context,source_marked_risk_noted,"This row is a promotion-review queue item only. The suggested obs-char ID is not assigned until cross-source review confirms provenance, form identity, and decipherment status. HUST-OBC labels must not be treated as accepted readings.",needs_review,2026-06-04
hust-obc-bucket-001-row-014,hust-obc-obs-char-promo-000014,obs-char-000014,001_000001-000100_obs-char-bucket_oracle-characters,014_obs-char-000014_hust-obc-cat-0017_oracle-character,obs-cand-000014,src-hust-obc,hust-obc-cat-0017,0017,00017,13,hust-obc-label-xwalk-0014,㐇,U+3407,1,false,1,hust-obc-src-cat-0017,unknown_until_cross_source_review,reserved_candidate_not_assigned,needs_cross_source_review,compare_xiaoxuetang_obm_obimd_evobc_and_primary_inscription_context,source_marked_risk_noted,"This row is a promotion-review queue item only. The suggested obs-char ID is not assigned until cross-source review confirms provenance, form identity, and decipherment status. HUST-OBC labels must not be treated as accepted readings.",needs_review,2026-06-04
hust-obc-bucket-001-row-015,hust-obc-obs-char-promo-000015,obs-char-000015,001_000001-000100_obs-char-bucket_oracle-characters,015_obs-char-000015_hust-obc-cat-0018_oracle-character,obs-cand-000015,src-hust-obc,hust-obc-cat-0018,0018,00018,14,hust-obc-label-xwalk-0015,㐈,U+3408,1,false,1,hust-obc-src-cat-0018,unknown_until_cross_source_review,reserved_candidate_not_assigned,needs_cross_source_review,compare_xiaoxuetang_obm_obimd_evobc_and_primary_inscription_context,source_marked_risk_noted,"This row is a promotion-review queue item only. The suggested obs-char ID is not assigned until cross-source review confirms provenance, form identity, and decipherment status. HUST-OBC labels must not be treated as accepted readings.",needs_review,2026-06-04
hust-obc-bucket-001-row-016,hust-obc-obs-char-promo-000016,obs-char-000016,001_000001-000100_obs-char-bucket_oracle-characters,016_obs-char-000016_hust-obc-cat-0019_oracle-character,obs-cand-000016,src-hust-obc,hust-obc-cat-0019,0019,00019,15,hust-obc-label-xwalk-0016,㐉,U+3409,1,false,1,hust-obc-src-cat-0019,unknown_until_cross_source_review,reserved_candidate_not_assigned,needs_cross_source_review,compare_xiaoxuetang_obm_obimd_evobc_and_primary_inscription_context,source_marked_risk_noted,"This row is a promotion-review queue item only. The suggested obs-char ID is not assigned until cross-source review confirms provenance, form identity, and decipherment status. HUST-OBC labels must not be treated as accepted readings.",needs_review,2026-06-04
hust-obc-bucket-001-row-017,hust-obc-obs-char-promo-000017,obs-char-000017,001_000001-000100_obs-char-bucket_oracle-characters,017_obs-char-000017_hust-obc-cat-0020_oracle-character,obs-cand-000017,src-hust-obc,hust-obc-cat-0020,0020,00020,16,hust-obc-label-xwalk-0017,㐊,U+340A,1,false,1,hust-obc-src-cat-0020,unknown_until_cross_source_review,reserved_candidate_not_assigned,needs_cross_source_review,compare_xiaoxuetang_obm_obimd_evobc_and_primary_inscription_context,source_marked_risk_noted,"This row is a promotion-review queue item only. The suggested obs-char ID is not assigned until cross-source review confirms provenance, form identity, and decipherment status. HUST-OBC labels must not be treated as accepted readings.",needs_review,2026-06-04
hust-obc-bucket-001-row-018,hust-obc-obs-char-promo-000018,obs-char-000018,001_000001-000100_obs-char-bucket_oracle-characters,018_obs-char-000018_hust-obc-cat-0021_oracle-character,obs-cand-000018,src-hust-obc,hust-obc-cat-0021,0021,00021,17,hust-obc-label-xwalk-0018,㐋,U+340B,1,false,1,hust-obc-src-cat-0021,unknown_until_cross_source_review,reserved_candidate_not_assigned,needs_cross_source_review,compare_xiaoxuetang_obm_obimd_evobc_and_primary_inscription_context,source_marked_risk_noted,"This row is a promotion-review queue item only. The suggested obs-char ID is not assigned until cross-source review confirms provenance, form identity, and decipherment status. HUST-OBC labels must not be treated as accepted readings.",needs_review,2026-06-04
hust-obc-bucket-001-row-019,hust-obc-obs-char-promo-000019,obs-char-000019,001_000001-000100_obs-char-bucket_oracle-characters,019_obs-char-000019_hust-obc-cat-0022_oracle-character,obs-cand-000019,src-hust-obc,hust-obc-cat-0022,0022,00022,18,hust-obc-label-xwalk-0019,㐌,U+340C,1,false,1,hust-obc-src-cat-0022,unknown_until_cross_source_review,reserved_candidate_not_assigned,needs_cross_source_review,compare_xiaoxuetang_obm_obimd_evobc_and_primary_inscription_context,source_marked_risk_noted,"This row is a promotion-review queue item only. The suggested obs-char ID is not assigned until cross-source review confirms provenance, form identity, and decipherment status. HUST-OBC labels must not be treated as accepted readings.",needs_review,2026-06-04
hust-obc-bucket-001-row-020,hust-obc-obs-char-promo-000020,obs-char-000020,001_000001-000100_obs-char-bucket_oracle-characters,020_obs-char-000020_hust-obc-cat-0023_0024_oracle-character,obs-cand-000020,src-hust-obc,hust-obc-cat-0023_0024,0023_0024,00023;00024,19,hust-obc-label-xwalk-0020,㐍㐎,U+340D;U+340E,2,true,2,hust-obc-src-cat-0023;hust-obc-src-cat-0024,unknown_until_cross_source_review,reserved_candidate_not_assigned,needs_cross_source_review,compare_xiaoxuetang_obm_obimd_evobc_and_primary_inscription_context,source_marked_risk_noted,"This row is a promotion-review queue item only. The suggested obs-char ID is not assigned until cross-source review confirms provenance, form identity, and decipherment status. HUST-OBC labels must not be treated as accepted readings.",needs_review,2026-06-04
hust-obc-bucket-001-row-021,hust-obc-obs-char-promo-000021,obs-char-000021,001_000001-000100_obs-char-bucket_oracle-characters,021_obs-char-000021_hust-obc-cat-0025_0026_oracle-character,obs-cand-000021,src-hust-obc,hust-obc-cat-0025_0026,0025_0026,00025;00026,20,hust-obc-label-xwalk-0021,㐏㐐,U+340F;U+3410,2,true,2,hust-obc-src-cat-0025;hust-obc-src-cat-0026,unknown_until_cross_source_review,reserved_candidate_not_assigned,needs_cross_source_review,compare_xiaoxuetang_obm_obimd_evobc_and_primary_inscription_context,source_marked_risk_noted,"This row is a promotion-review queue item only. The suggested obs-char ID is not assigned until cross-source review confirms provenance, form identity, and decipherment status. HUST-OBC labels must not be treated as accepted readings.",needs_review,2026-06-04
hust-obc-bucket-001-row-022,hust-obc-obs-char-promo-000022,obs-char-000022,001_000001-000100_obs-char-bucket_oracle-characters,022_obs-char-000022_hust-obc-cat-0027_oracle-character,obs-cand-000022,src-hust-obc,hust-obc-cat-0027,0027,00027,21,hust-obc-label-xwalk-0022,㐑,U+3411,1,false,1,hust-obc-src-cat-0027,unknown_until_cross_source_review,reserved_candidate_not_assigned,needs_cross_source_review,compare_xiaoxuetang_obm_obimd_evobc_and_primary_inscription_context,source_marked_risk_noted,"This row is a promotion-review queue item only. The suggested obs-char ID is not assigned until cross-source review confirms provenance, form identity, and decipherment status. HUST-OBC labels must not be treated as accepted readings.",needs_review,2026-06-04
hust-obc-bucket-001-row-023,hust-obc-obs-char-promo-000023,obs-char-000023,001_000001-000100_obs-char-bucket_oracle-characters,023_obs-char-000023_hust-obc-cat-0028_oracle-character,obs-cand-000023,src-hust-obc,hust-obc-cat-0028,0028,00028,22,hust-obc-label-xwalk-0023,㐒,U+3412,1,false,1,hust-obc-src-cat-0028,unknown_until_cross_source_review,reserved_candidate_not_assigned,needs_cross_source_review,compare_xiaoxuetang_obm_obimd_evobc_and_primary_inscription_context,source_marked_risk_noted,"This row is a promotion-review queue item only. The suggested obs-char ID is not assigned until cross-source review confirms provenance, form identity, and decipherment status. HUST-OBC labels must not be treated as accepted readings.",needs_review,2026-06-04
hust-obc-bucket-001-row-024,hust-obc-obs-char-promo-000024,obs-char-000024,001_000001-000100_obs-char-bucket_oracle-characters,024_obs-char-000024_hust-obc-cat-0029_oracle-character,obs-cand-000024,src-hust-obc,hust-obc-cat-0029,0029,00029,23,hust-obc-label-xwalk-0024,㐓,U+3413,1,false,1,hust-obc-src-cat-0029,unknown_until_cross_source_review,reserved_candidate_not_assigned,needs_cross_source_review,compare_xiaoxuetang_obm_obimd_evobc_and_primary_inscription_context,source_marked_risk_noted,"This row is a promotion-review queue item only. The suggested obs-char ID is not assigned until cross-source review confirms provenance, form identity, and decipherment status. HUST-OBC labels must not be treated as accepted readings.",needs_review,2026-06-04
hust-obc-bucket-001-row-025,hust-obc-obs-char-promo-000025,obs-char-000025,001_000001-000100_obs-char-bucket_oracle-characters,025_obs-char-000025_hust-obc-cat-0030_oracle-character,obs-cand-000025,src-hust-obc,hust-obc-cat-0030,0030,00030,24,hust-obc-label-xwalk-0025,㐔,U+3414,1,false,1,hust-obc-src-cat-0030,unknown_until_cross_source_review,reserved_candidate_not_assigned,needs_cross_source_review,compare_xiaoxuetang_obm_obimd_evobc_and_primary_inscription_context,source_marked_risk_noted,"This row is a promotion-review queue item only. The suggested obs-char ID is not assigned until cross-source review confirms provenance, form identity, and decipherment status. HUST-OBC labels must not be treated as accepted readings.",needs_review,2026-06-04
hust-obc-bucket-001-row-026,hust-obc-obs-char-promo-000026,obs-char-000026,001_000001-000100_obs-char-bucket_oracle-characters,026_obs-char-000026_hust-obc-cat-0031_oracle-character,obs-cand-000026,src-hust-obc,hust-obc-cat-0031,0031,00031,25,hust-obc-label-xwalk-0026,㐕,U+3415,1,false,1,hust-obc-src-cat-0031,unknown_until_cross_source_review,reserved_candidate_not_assigned,needs_cross_source_review,compare_xiaoxuetang_obm_obimd_evobc_and_primary_inscription_context,source_marked_risk_noted,"This row is a promotion-review queue item only. The suggested obs-char ID is not assigned until cross-source review confirms provenance, form identity, and decipherment status. HUST-OBC labels must not be treated as accepted readings.",needs_review,2026-06-04
hust-obc-bucket-001-row-027,hust-obc-obs-char-promo-000027,obs-char-000027,001_000001-000100_obs-char-bucket_oracle-characters,027_obs-char-000027_hust-obc-cat-0032_oracle-character,obs-cand-000027,src-hust-obc,hust-obc-cat-0032,0032,00032,26,hust-obc-label-xwalk-0027,㐖,U+3416,1,false,1,hust-obc-src-cat-0032,unknown_until_cross_source_review,reserved_candidate_not_assigned,needs_cross_source_review,compare_xiaoxuetang_obm_obimd_evobc_and_primary_inscription_context,source_marked_risk_noted,"This row is a promotion-review queue item only. The suggested obs-char ID is not assigned until cross-source review confirms provenance, form identity, and decipherment status. HUST-OBC labels must not be treated as accepted readings.",needs_review,2026-06-04
hust-obc-bucket-001-row-028,hust-obc-obs-char-promo-000028,obs-char-000028,001_000001-000100_obs-char-bucket_oracle-characters,028_obs-char-000028_hust-obc-cat-0033_oracle-character,obs-cand-000028,src-hust-obc,hust-obc-cat-0033,0033,00033,27,hust-obc-label-xwalk-0028,㐗,U+3417,1,false,1,hust-obc-src-cat-0033,unknown_until_cross_source_review,reserved_candidate_not_assigned,needs_cross_source_review,compare_xiaoxuetang_obm_obimd_evobc_and_primary_inscription_context,source_marked_risk_noted,"This row is a promotion-review queue item only. The suggested obs-char ID is not assigned until cross-source review confirms provenance, form identity, and decipherment status. HUST-OBC labels must not be treated as accepted readings.",needs_review,2026-06-04
hust-obc-bucket-001-row-029,hust-obc-obs-char-promo-000029,obs-char-000029,001_000001-000100_obs-char-bucket_oracle-characters,029_obs-char-000029_hust-obc-cat-0034_oracle-character,obs-cand-000029,src-hust-obc,hust-obc-cat-0034,0034,00034,28,hust-obc-label-xwalk-0029,㐘,U+3418,1,false,1,hust-obc-src-cat-0034,unknown_until_cross_source_review,reserved_candidate_not_assigned,needs_cross_source_review,compare_xiaoxuetang_obm_obimd_evobc_and_primary_inscription_context,source_marked_risk_noted,"This row is a promotion-review queue item only. The suggested obs-char ID is not assigned until cross-source review confirms provenance, form identity, and decipherment status. HUST-OBC labels must not be treated as accepted readings.",needs_review,2026-06-04
hust-obc-bucket-001-row-030,hust-obc-obs-char-promo-000030,obs-char-000030,001_000001-000100_obs-char-bucket_oracle-characters,030_obs-char-000030_hust-obc-cat-0035_oracle-character,obs-cand-000030,src-hust-obc,hust-obc-cat-0035,0035,00035,29,hust-obc-label-xwalk-0030,㐙,U+3419,1,false,1,hust-obc-src-cat-0035,unknown_until_cross_source_review,reserved_candidate_not_assigned,needs_cross_source_review,compare_xiaoxuetang_obm_obimd_evobc_and_primary_inscription_context,source_marked_risk_noted,"This row is a promotion-review queue item only. The suggested obs-char ID is not assigned until cross-source review confirms provenance, form identity, and decipherment status. HUST-OBC labels must not be treated as accepted readings.",needs_review,2026-06-04
hust-obc-bucket-001-row-031,hust-obc-obs-char-promo-000031,obs-char-000031,001_000001-000100_obs-char-bucket_oracle-characters,031_obs-char-000031_hust-obc-cat-0036_oracle-character,obs-cand-000031,src-hust-obc,hust-obc-cat-0036,0036,00036,30,hust-obc-label-xwalk-0031,㐚,U+341A,1,false,1,hust-obc-src-cat-0036,unknown_until_cross_source_review,reserved_candidate_not_assigned,needs_cross_source_review,compare_xiaoxuetang_obm_obimd_evobc_and_primary_inscription_context,source_marked_risk_noted,"This row is a promotion-review queue item only. The suggested obs-char ID is not assigned until cross-source review confirms provenance, form identity, and decipherment status. HUST-OBC labels must not be treated as accepted readings.",needs_review,2026-06-04
hust-obc-bucket-001-row-032,hust-obc-obs-char-promo-000032,obs-char-000032,001_000001-000100_obs-char-bucket_oracle-characters,032_obs-char-000032_hust-obc-cat-0037_oracle-character,obs-cand-000032,src-hust-obc,hust-obc-cat-0037,0037,00037,31,hust-obc-label-xwalk-0032,㐛,U+341B,1,false,1,hust-obc-src-cat-0037,unknown_until_cross_source_review,reserved_candidate_not_assigned,needs_cross_source_review,compare_xiaoxuetang_obm_obimd_evobc_and_primary_inscription_context,source_marked_risk_noted,"This row is a promotion-review queue item only. The suggested obs-char ID is not assigned until cross-source review confirms provenance, form identity, and decipherment status. HUST-OBC labels must not be treated as accepted readings.",needs_review,2026-06-04
hust-obc-bucket-001-row-033,hust-obc-obs-char-promo-000033,obs-char-000033,001_000001-000100_obs-char-bucket_oracle-characters,033_obs-char-000033_hust-obc-cat-0038_oracle-character,obs-cand-000033,src-hust-obc,hust-obc-cat-0038,0038,00038,32,hust-obc-label-xwalk-0033,㐜,U+341C,1,false,1,hust-obc-src-cat-0038,unknown_until_cross_source_review,reserved_candidate_not_assigned,needs_cross_source_review,compare_xiaoxuetang_obm_obimd_evobc_and_primary_inscription_context,source_marked_risk_noted,"This row is a promotion-review queue item only. The suggested obs-char ID is not assigned until cross-source review confirms provenance, form identity, and decipherment status. HUST-OBC labels must not be treated as accepted readings.",needs_review,2026-06-04
hust-obc-bucket-001-row-034,hust-obc-obs-char-promo-000034,obs-char-000034,001_000001-000100_obs-char-bucket_oracle-characters,034_obs-char-000034_hust-obc-cat-0039_oracle-character,obs-cand-000034,src-hust-obc,hust-obc-cat-0039,0039,00039,33,hust-obc-label-xwalk-0034,㐝,U+341D,1,false,1,hust-obc-src-cat-0039,unknown_until_cross_source_review,reserved_candidate_not_assigned,needs_cross_source_review,compare_xiaoxuetang_obm_obimd_evobc_and_primary_inscription_context,source_marked_risk_noted,"This row is a promotion-review queue item only. The suggested obs-char ID is not assigned until cross-source review confirms provenance, form identity, and decipherment status. HUST-OBC labels must not be treated as accepted readings.",needs_review,2026-06-04
hust-obc-bucket-001-row-035,hust-obc-obs-char-promo-000035,obs-char-000035,001_000001-000100_obs-char-bucket_oracle-characters,035_obs-char-000035_hust-obc-cat-0040_oracle-character,obs-cand-000035,src-hust-obc,hust-obc-cat-0040,0040,00040,34,hust-obc-label-xwalk-0035,㐞,U+341E,1,false,1,hust-obc-src-cat-0040,unknown_until_cross_source_review,reserved_candidate_not_assigned,needs_cross_source_review,compare_xiaoxuetang_obm_obimd_evobc_and_primary_inscription_context,source_marked_risk_noted,"This row is a promotion-review queue item only. The suggested obs-char ID is not assigned until cross-source review confirms provenance, form identity, and decipherment status. HUST-OBC labels must not be treated as accepted readings.",needs_review,2026-06-04
hust-obc-bucket-001-row-036,hust-obc-obs-char-promo-000036,obs-char-000036,001_000001-000100_obs-char-bucket_oracle-characters,036_obs-char-000036_hust-obc-cat-0041_0042_oracle-character,obs-cand-000036,src-hust-obc,hust-obc-cat-0041_0042,0041_0042,00041;00042,35,hust-obc-label-xwalk-0036,㐟㐠,U+341F;U+3420,2,true,2,hust-obc-src-cat-0041;hust-obc-src-cat-0042,unknown_until_cross_source_review,reserved_candidate_not_assigned,needs_cross_source_review,compare_xiaoxuetang_obm_obimd_evobc_and_primary_inscription_context,source_marked_risk_noted,"This row is a promotion-review queue item only. The suggested obs-char ID is not assigned until cross-source review confirms provenance, form identity, and decipherment status. HUST-OBC labels must not be treated as accepted readings.",needs_review,2026-06-04
hust-obc-bucket-001-row-037,hust-obc-obs-char-promo-000037,obs-char-000037,001_000001-000100_obs-char-bucket_oracle-characters,037_obs-char-000037_hust-obc-cat-0043_oracle-character,obs-cand-000037,src-hust-obc,hust-obc-cat-0043,0043,00043,36,hust-obc-label-xwalk-0037,㐡,U+3421,1,false,1,hust-obc-src-cat-0043,unknown_until_cross_source_review,reserved_candidate_not_assigned,needs_cross_source_review,compare_xiaoxuetang_obm_obimd_evobc_and_primary_inscription_context,source_marked_risk_noted,"This row is a promotion-review queue item only. The suggested obs-char ID is not assigned until cross-source review confirms provenance, form identity, and decipherment status. HUST-OBC labels must not be treated as accepted readings.",needs_review,2026-06-04
hust-obc-bucket-001-row-038,hust-obc-obs-char-promo-000038,obs-char-000038,001_000001-000100_obs-char-bucket_oracle-characters,038_obs-char-000038_hust-obc-cat-0044_oracle-character,obs-cand-000038,src-hust-obc,hust-obc-cat-0044,0044,00044,37,hust-obc-label-xwalk-0038,㐢,U+3422,1,false,1,hust-obc-src-cat-0044,unknown_until_cross_source_review,reserved_candidate_not_assigned,needs_cross_source_review,compare_xiaoxuetang_obm_obimd_evobc_and_primary_inscription_context,source_marked_risk_noted,"This row is a promotion-review queue item only. The suggested obs-char ID is not assigned until cross-source review confirms provenance, form identity, and decipherment status. HUST-OBC labels must not be treated as accepted readings.",needs_review,2026-06-04
hust-obc-bucket-001-row-039,hust-obc-obs-char-promo-000039,obs-char-000039,001_000001-000100_obs-char-bucket_oracle-characters,039_obs-char-000039_hust-obc-cat-0045_oracle-character,obs-cand-000039,src-hust-obc,hust-obc-cat-0045,0045,00045,38,hust-obc-label-xwalk-0039,㐣,U+3423,1,false,1,hust-obc-src-cat-0045,unknown_until_cross_source_review,reserved_candidate_not_assigned,needs_cross_source_review,compare_xiaoxuetang_obm_obimd_evobc_and_primary_inscription_context,source_marked_risk_noted,"This row is a promotion-review queue item only. The suggested obs-char ID is not assigned until cross-source review confirms provenance, form identity, and decipherment status. HUST-OBC labels must not be treated as accepted readings.",needs_review,2026-06-04
hust-obc-bucket-001-row-040,hust-obc-obs-char-promo-000040,obs-char-000040,001_000001-000100_obs-char-bucket_oracle-characters,040_obs-char-000040_hust-obc-cat-0046_oracle-character,obs-cand-000040,src-hust-obc,hust-obc-cat-0046,0046,00046,39,hust-obc-label-xwalk-0040,㐤,U+3424,1,false,1,hust-obc-src-cat-0046,unknown_until_cross_source_review,reserved_candidate_not_assigned,needs_cross_source_review,compare_xiaoxuetang_obm_obimd_evobc_and_primary_inscription_context,source_marked_risk_noted,"This row is a promotion-review queue item only. The suggested obs-char ID is not assigned until cross-source review confirms provenance, form identity, and decipherment status. HUST-OBC labels must not be treated as accepted readings.",needs_review,2026-06-04
hust-obc-bucket-001-row-041,hust-obc-obs-char-promo-000041,obs-char-000041,001_000001-000100_obs-char-bucket_oracle-characters,041_obs-char-000041_hust-obc-cat-0047_oracle-character,obs-cand-000041,src-hust-obc,hust-obc-cat-0047,0047,00047,40,hust-obc-label-xwalk-0041,㐥,U+3425,1,false,1,hust-obc-src-cat-0047,unknown_until_cross_source_review,reserved_candidate_not_assigned,needs_cross_source_review,compare_xiaoxuetang_obm_obimd_evobc_and_primary_inscription_context,source_marked_risk_noted,"This row is a promotion-review queue item only. The suggested obs-char ID is not assigned until cross-source review confirms provenance, form identity, and decipherment status. HUST-OBC labels must not be treated as accepted readings.",needs_review,2026-06-04
hust-obc-bucket-001-row-042,hust-obc-obs-char-promo-000042,obs-char-000042,001_000001-000100_obs-char-bucket_oracle-characters,042_obs-char-000042_hust-obc-cat-0048_0049_oracle-character,obs-cand-000042,src-hust-obc,hust-obc-cat-0048_0049,0048_0049,00048;00049,41,hust-obc-label-xwalk-0042,㐦㐧,U+3426;U+3427,2,true,2,hust-obc-src-cat-0048;hust-obc-src-cat-0049,unknown_until_cross_source_review,reserved_candidate_not_assigned,needs_cross_source_review,compare_xiaoxuetang_obm_obimd_evobc_and_primary_inscription_context,source_marked_risk_noted,"This row is a promotion-review queue item only. The suggested obs-char ID is not assigned until cross-source review confirms provenance, form identity, and decipherment status. HUST-OBC labels must not be treated as accepted readings.",needs_review,2026-06-04
hust-obc-bucket-001-row-043,hust-obc-obs-char-promo-000043,obs-char-000043,001_000001-000100_obs-char-bucket_oracle-characters,043_obs-char-000043_hust-obc-cat-0050_oracle-character,obs-cand-000043,src-hust-obc,hust-obc-cat-0050,0050,00050,42,hust-obc-label-xwalk-0043,㐨,U+3428,1,false,1,hust-obc-src-cat-0050,unknown_until_cross_source_review,reserved_candidate_not_assigned,needs_cross_source_review,compare_xiaoxuetang_obm_obimd_evobc_and_primary_inscription_context,source_marked_risk_noted,"This row is a promotion-review queue item only. The suggested obs-char ID is not assigned until cross-source review confirms provenance, form identity, and decipherment status. HUST-OBC labels must not be treated as accepted readings.",needs_review,2026-06-04
hust-obc-bucket-001-row-044,hust-obc-obs-char-promo-000044,obs-char-000044,001_000001-000100_obs-char-bucket_oracle-characters,044_obs-char-000044_hust-obc-cat-0051_oracle-character,obs-cand-000044,src-hust-obc,hust-obc-cat-0051,0051,00051,43,hust-obc-label-xwalk-0044,㐩,U+3429,1,false,1,hust-obc-src-cat-0051,unknown_until_cross_source_review,reserved_candidate_not_assigned,needs_cross_source_review,compare_xiaoxuetang_obm_obimd_evobc_and_primary_inscription_context,source_marked_risk_noted,"This row is a promotion-review queue item only. The suggested obs-char ID is not assigned until cross-source review confirms provenance, form identity, and decipherment status. HUST-OBC labels must not be treated as accepted readings.",needs_review,2026-06-04
hust-obc-bucket-001-row-045,hust-obc-obs-char-promo-000045,obs-char-000045,001_000001-000100_obs-char-bucket_oracle-characters,045_obs-char-000045_hust-obc-cat-0052_0053_oracle-character,obs-cand-000045,src-hust-obc,hust-obc-cat-0052_0053,0052_0053,00052;00053,44,hust-obc-label-xwalk-0045,㐪㐫,U+342A;U+342B,2,true,2,hust-obc-src-cat-0052;hust-obc-src-cat-0053,unknown_until_cross_source_review,reserved_candidate_not_assigned,needs_cross_source_review,compare_xiaoxuetang_obm_obimd_evobc_and_primary_inscription_context,source_marked_risk_noted,"This row is a promotion-review queue item only. The suggested obs-char ID is not assigned until cross-source review confirms provenance, form identity, and decipherment status. HUST-OBC labels must not be treated as accepted readings.",needs_review,2026-06-04
hust-obc-bucket-001-row-046,hust-obc-obs-char-promo-000046,obs-char-000046,001_000001-000100_obs-char-bucket_oracle-characters,046_obs-char-000046_hust-obc-cat-0054_oracle-character,obs-cand-000046,src-hust-obc,hust-obc-cat-0054,0054,00054,45,hust-obc-label-xwalk-0046,㐬,U+342C,1,false,1,hust-obc-src-cat-0054,unknown_until_cross_source_review,reserved_candidate_not_assigned,needs_cross_source_review,compare_xiaoxuetang_obm_obimd_evobc_and_primary_inscription_context,source_marked_risk_noted,"This row is a promotion-review queue item only. The suggested obs-char ID is not assigned until cross-source review confirms provenance, form identity, and decipherment status. HUST-OBC labels must not be treated as accepted readings.",needs_review,2026-06-04
hust-obc-bucket-001-row-047,hust-obc-obs-char-promo-000047,obs-char-000047,001_000001-000100_obs-char-bucket_oracle-characters,047_obs-char-000047_hust-obc-cat-0055_oracle-character,obs-cand-000047,src-hust-obc,hust-obc-cat-0055,0055,00055,46,hust-obc-label-xwalk-0047,㐭,U+342D,1,false,1,hust-obc-src-cat-0055,unknown_until_cross_source_review,reserved_candidate_not_assigned,needs_cross_source_review,compare_xiaoxuetang_obm_obimd_evobc_and_primary_inscription_context,source_marked_risk_noted,"This row is a promotion-review queue item only. The suggested obs-char ID is not assigned until cross-source review confirms provenance, form identity, and decipherment status. HUST-OBC labels must not be treated as accepted readings.",needs_review,2026-06-04
hust-obc-bucket-001-row-048,hust-obc-obs-char-promo-000048,obs-char-000048,001_000001-000100_obs-char-bucket_oracle-characters,048_obs-char-000048_hust-obc-cat-0056_oracle-character,obs-cand-000048,src-hust-obc,hust-obc-cat-0056,0056,00056,47,hust-obc-label-xwalk-0048,㐮,U+342E,1,false,1,hust-obc-src-cat-0056,unknown_until_cross_source_review,reserved_candidate_not_assigned,needs_cross_source_review,compare_xiaoxuetang_obm_obimd_evobc_and_primary_inscription_context,source_marked_risk_noted,"This row is a promotion-review queue item only. The suggested obs-char ID is not assigned until cross-source review confirms provenance, form identity, and decipherment status. HUST-OBC labels must not be treated as accepted readings.",needs_review,2026-06-04
hust-obc-bucket-001-row-049,hust-obc-obs-char-promo-000049,obs-char-000049,001_000001-000100_obs-char-bucket_oracle-characters,049_obs-char-000049_hust-obc-cat-0057_oracle-character,obs-cand-000049,src-hust-obc,hust-obc-cat-0057,0057,00057,48,hust-obc-label-xwalk-0049,㐯,U+342F,1,false,1,hust-obc-src-cat-0057,unknown_until_cross_source_review,reserved_candidate_not_assigned,needs_cross_source_review,compare_xiaoxuetang_obm_obimd_evobc_and_primary_inscription_context,source_marked_risk_noted,"This row is a promotion-review queue item only. The suggested obs-char ID is not assigned until cross-source review confirms provenance, form identity, and decipherment status. HUST-OBC labels must not be treated as accepted readings.",needs_review,2026-06-04
hust-obc-bucket-001-row-050,hust-obc-obs-char-promo-000050,obs-char-000050,001_000001-000100_obs-char-bucket_oracle-characters,050_obs-char-000050_hust-obc-cat-0058_oracle-character,obs-cand-000050,src-hust-obc,hust-obc-cat-0058,0058,00058,49,hust-obc-label-xwalk-0050,㐰,U+3430,1,false,1,hust-obc-src-cat-0058,unknown_until_cross_source_review,reserved_candidate_not_assigned,needs_cross_source_review,compare_xiaoxuetang_obm_obimd_evobc_and_primary_inscription_context,source_marked_risk_noted,"This row is a promotion-review queue item only. The suggested obs-char ID is not assigned until cross-source review confirms provenance, form identity, and decipherment status. HUST-OBC labels must not be treated as accepted readings.",needs_review,2026-06-04
hust-obc-bucket-001-row-051,hust-obc-obs-char-promo-000051,obs-char-000051,001_000001-000100_obs-char-bucket_oracle-characters,051_obs-char-000051_hust-obc-cat-0059_oracle-character,obs-cand-000051,src-hust-obc,hust-obc-cat-0059,0059,00059,50,hust-obc-label-xwalk-0051,㐱,U+3431,1,false,1,hust-obc-src-cat-0059,unknown_until_cross_source_review,reserved_candidate_not_assigned,needs_cross_source_review,compare_xiaoxuetang_obm_obimd_evobc_and_primary_inscription_context,source_marked_risk_noted,"This row is a promotion-review queue item only. The suggested obs-char ID is not assigned until cross-source review confirms provenance, form identity, and decipherment status. HUST-OBC labels must not be treated as accepted readings.",needs_review,2026-06-04
hust-obc-bucket-001-row-052,hust-obc-obs-char-promo-000052,obs-char-000052,001_000001-000100_obs-char-bucket_oracle-characters,052_obs-char-000052_hust-obc-cat-0060_oracle-character,obs-cand-000052,src-hust-obc,hust-obc-cat-0060,0060,00060,51,hust-obc-label-xwalk-0052,㐲,U+3432,1,false,1,hust-obc-src-cat-0060,unknown_until_cross_source_review,reserved_candidate_not_assigned,needs_cross_source_review,compare_xiaoxuetang_obm_obimd_evobc_and_primary_inscription_context,source_marked_risk_noted,"This row is a promotion-review queue item only. The suggested obs-char ID is not assigned until cross-source review confirms provenance, form identity, and decipherment status. HUST-OBC labels must not be treated as accepted readings.",needs_review,2026-06-04
hust-obc-bucket-001-row-053,hust-obc-obs-char-promo-000053,obs-char-000053,001_000001-000100_obs-char-bucket_oracle-characters,053_obs-char-000053_hust-obc-cat-0061_oracle-character,obs-cand-000053,src-hust-obc,hust-obc-cat-0061,0061,00061,52,hust-obc-label-xwalk-0053,㐳,U+3433,1,false,1,hust-obc-src-cat-0061,unknown_until_cross_source_review,reserved_candidate_not_assigned,needs_cross_source_review,compare_xiaoxuetang_obm_obimd_evobc_and_primary_inscription_context,source_marked_risk_noted,"This row is a promotion-review queue item only. The suggested obs-char ID is not assigned until cross-source review confirms provenance, form identity, and decipherment status. HUST-OBC labels must not be treated as accepted readings.",needs_review,2026-06-04
hust-obc-bucket-001-row-054,hust-obc-obs-char-promo-000054,obs-char-000054,001_000001-000100_obs-char-bucket_oracle-characters,054_obs-char-000054_hust-obc-cat-0062_0063_oracle-character,obs-cand-000054,src-hust-obc,hust-obc-cat-0062_0063,0062_0063,00062;00063,53,hust-obc-label-xwalk-0054,㐴㐵,U+3434;U+3435,2,true,2,hust-obc-src-cat-0062;hust-obc-src-cat-0063,unknown_until_cross_source_review,reserved_candidate_not_assigned,needs_cross_source_review,compare_xiaoxuetang_obm_obimd_evobc_and_primary_inscription_context,source_marked_risk_noted,"This row is a promotion-review queue item only. The suggested obs-char ID is not assigned until cross-source review confirms provenance, form identity, and decipherment status. HUST-OBC labels must not be treated as accepted readings.",needs_review,2026-06-04
hust-obc-bucket-001-row-055,hust-obc-obs-char-promo-000055,obs-char-000055,001_000001-000100_obs-char-bucket_oracle-characters,055_obs-char-000055_hust-obc-cat-0064_oracle-character,obs-cand-000055,src-hust-obc,hust-obc-cat-0064,0064,00064,54,hust-obc-label-xwalk-0055,㐶,U+3436,1,false,1,hust-obc-src-cat-0064,unknown_until_cross_source_review,reserved_candidate_not_assigned,needs_cross_source_review,compare_xiaoxuetang_obm_obimd_evobc_and_primary_inscription_context,source_marked_risk_noted,"This row is a promotion-review queue item only. The suggested obs-char ID is not assigned until cross-source review confirms provenance, form identity, and decipherment status. HUST-OBC labels must not be treated as accepted readings.",needs_review,2026-06-04
hust-obc-bucket-001-row-056,hust-obc-obs-char-promo-000056,obs-char-000056,001_000001-000100_obs-char-bucket_oracle-characters,056_obs-char-000056_hust-obc-cat-0065_oracle-character,obs-cand-000056,src-hust-obc,hust-obc-cat-0065,0065,00065,55,hust-obc-label-xwalk-0056,㐷,U+3437,1,false,1,hust-obc-src-cat-0065,unknown_until_cross_source_review,reserved_candidate_not_assigned,needs_cross_source_review,compare_xiaoxuetang_obm_obimd_evobc_and_primary_inscription_context,source_marked_risk_noted,"This row is a promotion-review queue item only. The suggested obs-char ID is not assigned until cross-source review confirms provenance, form identity, and decipherment status. HUST-OBC labels must not be treated as accepted readings.",needs_review,2026-06-04
hust-obc-bucket-001-row-057,hust-obc-obs-char-promo-000057,obs-char-000057,001_000001-000100_obs-char-bucket_oracle-characters,057_obs-char-000057_hust-obc-cat-0066_oracle-character,obs-cand-000057,src-hust-obc,hust-obc-cat-0066,0066,00066,56,hust-obc-label-xwalk-0057,㐸,U+3438,1,false,1,hust-obc-src-cat-0066,unknown_until_cross_source_review,reserved_candidate_not_assigned,needs_cross_source_review,compare_xiaoxuetang_obm_obimd_evobc_and_primary_inscription_context,source_marked_risk_noted,"This row is a promotion-review queue item only. The suggested obs-char ID is not assigned until cross-source review confirms provenance, form identity, and decipherment status. HUST-OBC labels must not be treated as accepted readings.",needs_review,2026-06-04
hust-obc-bucket-001-row-058,hust-obc-obs-char-promo-000058,obs-char-000058,001_000001-000100_obs-char-bucket_oracle-characters,058_obs-char-000058_hust-obc-cat-0067_oracle-character,obs-cand-000058,src-hust-obc,hust-obc-cat-0067,0067,00067,57,hust-obc-label-xwalk-0058,㐹,U+3439,1,false,1,hust-obc-src-cat-0067,unknown_until_cross_source_review,reserved_candidate_not_assigned,needs_cross_source_review,compare_xiaoxuetang_obm_obimd_evobc_and_primary_inscription_context,source_marked_risk_noted,"This row is a promotion-review queue item only. The suggested obs-char ID is not assigned until cross-source review confirms provenance, form identity, and decipherment status. HUST-OBC labels must not be treated as accepted readings.",needs_review,2026-06-04
hust-obc-bucket-001-row-059,hust-obc-obs-char-promo-000059,obs-char-000059,001_000001-000100_obs-char-bucket_oracle-characters,059_obs-char-000059_hust-obc-cat-0068_oracle-character,obs-cand-000059,src-hust-obc,hust-obc-cat-0068,0068,00068,58,hust-obc-label-xwalk-0059,㐺,U+343A,1,false,1,hust-obc-src-cat-0068,unknown_until_cross_source_review,reserved_candidate_not_assigned,needs_cross_source_review,compare_xiaoxuetang_obm_obimd_evobc_and_primary_inscription_context,source_marked_risk_noted,"This row is a promotion-review queue item only. The suggested obs-char ID is not assigned until cross-source review confirms provenance, form identity, and decipherment status. HUST-OBC labels must not be treated as accepted readings.",needs_review,2026-06-04
hust-obc-bucket-001-row-060,hust-obc-obs-char-promo-000060,obs-char-000060,001_000001-000100_obs-char-bucket_oracle-characters,060_obs-char-000060_hust-obc-cat-0069_oracle-character,obs-cand-000060,src-hust-obc,hust-obc-cat-0069,0069,00069,59,hust-obc-label-xwalk-0060,㐻,U+343B,1,false,1,hust-obc-src-cat-0069,unknown_until_cross_source_review,reserved_candidate_not_assigned,needs_cross_source_review,compare_xiaoxuetang_obm_obimd_evobc_and_primary_inscription_context,source_marked_risk_noted,"This row is a promotion-review queue item only. The suggested obs-char ID is not assigned until cross-source review confirms provenance, form identity, and decipherment status. HUST-OBC labels must not be treated as accepted readings.",needs_review,2026-06-04
hust-obc-bucket-001-row-061,hust-obc-obs-char-promo-000061,obs-char-000061,001_000001-000100_obs-char-bucket_oracle-characters,061_obs-char-000061_hust-obc-cat-0070_0071_oracle-character,obs-cand-000061,src-hust-obc,hust-obc-cat-0070_0071,0070_0071,00070;00071,60,hust-obc-label-xwalk-0061,㐼㐽,U+343C;U+343D,2,true,2,hust-obc-src-cat-0070;hust-obc-src-cat-0071,unknown_until_cross_source_review,reserved_candidate_not_assigned,needs_cross_source_review,compare_xiaoxuetang_obm_obimd_evobc_and_primary_inscription_context,source_marked_risk_noted,"This row is a promotion-review queue item only. The suggested obs-char ID is not assigned until cross-source review confirms provenance, form identity, and decipherment status. HUST-OBC labels must not be treated as accepted readings.",needs_review,2026-06-04
hust-obc-bucket-001-row-062,hust-obc-obs-char-promo-000062,obs-char-000062,001_000001-000100_obs-char-bucket_oracle-characters,062_obs-char-000062_hust-obc-cat-0072_oracle-character,obs-cand-000062,src-hust-obc,hust-obc-cat-0072,0072,00072,61,hust-obc-label-xwalk-0062,㐾,U+343E,1,false,1,hust-obc-src-cat-0072,unknown_until_cross_source_review,reserved_candidate_not_assigned,needs_cross_source_review,compare_xiaoxuetang_obm_obimd_evobc_and_primary_inscription_context,source_marked_risk_noted,"This row is a promotion-review queue item only. The suggested obs-char ID is not assigned until cross-source review confirms provenance, form identity, and decipherment status. HUST-OBC labels must not be treated as accepted readings.",needs_review,2026-06-04
hust-obc-bucket-001-row-063,hust-obc-obs-char-promo-000063,obs-char-000063,001_000001-000100_obs-char-bucket_oracle-characters,063_obs-char-000063_hust-obc-cat-0073_oracle-character,obs-cand-000063,src-hust-obc,hust-obc-cat-0073,0073,00073,62,hust-obc-label-xwalk-0063,㐿,U+343F,1,false,1,hust-obc-src-cat-0073,unknown_until_cross_source_review,reserved_candidate_not_assigned,needs_cross_source_review,compare_xiaoxuetang_obm_obimd_evobc_and_primary_inscription_context,source_marked_risk_noted,"This row is a promotion-review queue item only. The suggested obs-char ID is not assigned until cross-source review confirms provenance, form identity, and decipherment status. HUST-OBC labels must not be treated as accepted readings.",needs_review,2026-06-04
hust-obc-bucket-001-row-064,hust-obc-obs-char-promo-000064,obs-char-000064,001_000001-000100_obs-char-bucket_oracle-characters,064_obs-char-000064_hust-obc-cat-0074_oracle-character,obs-cand-000064,src-hust-obc,hust-obc-cat-0074,0074,00074,63,hust-obc-label-xwalk-0064,㑀,U+3440,1,false,1,hust-obc-src-cat-0074,unknown_until_cross_source_review,reserved_candidate_not_assigned,needs_cross_source_review,compare_xiaoxuetang_obm_obimd_evobc_and_primary_inscription_context,source_marked_risk_noted,"This row is a promotion-review queue item only. The suggested obs-char ID is not assigned until cross-source review confirms provenance, form identity, and decipherment status. HUST-OBC labels must not be treated as accepted readings.",needs_review,2026-06-04
hust-obc-bucket-001-row-065,hust-obc-obs-char-promo-000065,obs-char-000065,001_000001-000100_obs-char-bucket_oracle-characters,065_obs-char-000065_hust-obc-cat-0075_oracle-character,obs-cand-000065,src-hust-obc,hust-obc-cat-0075,0075,00075,64,hust-obc-label-xwalk-0065,㑁,U+3441,1,false,1,hust-obc-src-cat-0075,unknown_until_cross_source_review,reserved_candidate_not_assigned,needs_cross_source_review,compare_xiaoxuetang_obm_obimd_evobc_and_primary_inscription_context,source_marked_risk_noted,"This row is a promotion-review queue item only. The suggested obs-char ID is not assigned until cross-source review confirms provenance, form identity, and decipherment status. HUST-OBC labels must not be treated as accepted readings.",needs_review,2026-06-04
hust-obc-bucket-001-row-066,hust-obc-obs-char-promo-000066,obs-char-000066,001_000001-000100_obs-char-bucket_oracle-characters,066_obs-char-000066_hust-obc-cat-0076_oracle-character,obs-cand-000066,src-hust-obc,hust-obc-cat-0076,0076,00076,65,hust-obc-label-xwalk-0066,㑂,U+3442,1,false,1,hust-obc-src-cat-0076,unknown_until_cross_source_review,reserved_candidate_not_assigned,needs_cross_source_review,compare_xiaoxuetang_obm_obimd_evobc_and_primary_inscription_context,source_marked_risk_noted,"This row is a promotion-review queue item only. The suggested obs-char ID is not assigned until cross-source review confirms provenance, form identity, and decipherment status. HUST-OBC labels must not be treated as accepted readings.",needs_review,2026-06-04
hust-obc-bucket-001-row-067,hust-obc-obs-char-promo-000067,obs-char-000067,001_000001-000100_obs-char-bucket_oracle-characters,067_obs-char-000067_hust-obc-cat-0077_oracle-character,obs-cand-000067,src-hust-obc,hust-obc-cat-0077,0077,00077,66,hust-obc-label-xwalk-0067,㑃,U+3443,1,false,1,hust-obc-src-cat-0077,unknown_until_cross_source_review,reserved_candidate_not_assigned,needs_cross_source_review,compare_xiaoxuetang_obm_obimd_evobc_and_primary_inscription_context,source_marked_risk_noted,"This row is a promotion-review queue item only. The suggested obs-char ID is not assigned until cross-source review confirms provenance, form identity, and decipherment status. HUST-OBC labels must not be treated as accepted readings.",needs_review,2026-06-04
hust-obc-bucket-001-row-068,hust-obc-obs-char-promo-000068,obs-char-000068,001_000001-000100_obs-char-bucket_oracle-characters,068_obs-char-000068_hust-obc-cat-0078_oracle-character,obs-cand-000068,src-hust-obc,hust-obc-cat-0078,0078,00078,67,hust-obc-label-xwalk-0068,㑄,U+3444,1,false,1,hust-obc-src-cat-0078,unknown_until_cross_source_review,reserved_candidate_not_assigned,needs_cross_source_review,compare_xiaoxuetang_obm_obimd_evobc_and_primary_inscription_context,source_marked_risk_noted,"This row is a promotion-review queue item only. The suggested obs-char ID is not assigned until cross-source review confirms provenance, form identity, and decipherment status. HUST-OBC labels must not be treated as accepted readings.",needs_review,2026-06-04
hust-obc-bucket-001-row-069,hust-obc-obs-char-promo-000069,obs-char-000069,001_000001-000100_obs-char-bucket_oracle-characters,069_obs-char-000069_hust-obc-cat-0079_oracle-character,obs-cand-000069,src-hust-obc,hust-obc-cat-0079,0079,00079,68,hust-obc-label-xwalk-0069,㑅,U+3445,1,false,1,hust-obc-src-cat-0079,unknown_until_cross_source_review,reserved_candidate_not_assigned,needs_cross_source_review,compare_xiaoxuetang_obm_obimd_evobc_and_primary_inscription_context,source_marked_risk_noted,"This row is a promotion-review queue item only. The suggested obs-char ID is not assigned until cross-source review confirms provenance, form identity, and decipherment status. HUST-OBC labels must not be treated as accepted readings.",needs_review,2026-06-04
hust-obc-bucket-001-row-070,hust-obc-obs-char-promo-000070,obs-char-000070,001_000001-000100_obs-char-bucket_oracle-characters,070_obs-char-000070_hust-obc-cat-0080_oracle-character,obs-cand-000070,src-hust-obc,hust-obc-cat-0080,0080,00080,69,hust-obc-label-xwalk-0070,㑆,U+3446,1,false,1,hust-obc-src-cat-0080,unknown_until_cross_source_review,reserved_candidate_not_assigned,needs_cross_source_review,compare_xiaoxuetang_obm_obimd_evobc_and_primary_inscription_context,source_marked_risk_noted,"This row is a promotion-review queue item only. The suggested obs-char ID is not assigned until cross-source review confirms provenance, form identity, and decipherment status. HUST-OBC labels must not be treated as accepted readings.",needs_review,2026-06-04
hust-obc-bucket-001-row-071,hust-obc-obs-char-promo-000071,obs-char-000071,001_000001-000100_obs-char-bucket_oracle-characters,071_obs-char-000071_hust-obc-cat-0081_oracle-character,obs-cand-000071,src-hust-obc,hust-obc-cat-0081,0081,00081,70,hust-obc-label-xwalk-0071,㑇,U+3447,1,false,1,hust-obc-src-cat-0081,unknown_until_cross_source_review,reserved_candidate_not_assigned,needs_cross_source_review,compare_xiaoxuetang_obm_obimd_evobc_and_primary_inscription_context,source_marked_risk_noted,"This row is a promotion-review queue item only. The suggested obs-char ID is not assigned until cross-source review confirms provenance, form identity, and decipherment status. HUST-OBC labels must not be treated as accepted readings.",needs_review,2026-06-04
hust-obc-bucket-001-row-072,hust-obc-obs-char-promo-000072,obs-char-000072,001_000001-000100_obs-char-bucket_oracle-characters,072_obs-char-000072_hust-obc-cat-0082_oracle-character,obs-cand-000072,src-hust-obc,hust-obc-cat-0082,0082,00082,71,hust-obc-label-xwalk-0072,㑈,U+3448,1,false,1,hust-obc-src-cat-0082,unknown_until_cross_source_review,reserved_candidate_not_assigned,needs_cross_source_review,compare_xiaoxuetang_obm_obimd_evobc_and_primary_inscription_context,source_marked_risk_noted,"This row is a promotion-review queue item only. The suggested obs-char ID is not assigned until cross-source review confirms provenance, form identity, and decipherment status. HUST-OBC labels must not be treated as accepted readings.",needs_review,2026-06-04
hust-obc-bucket-001-row-073,hust-obc-obs-char-promo-000073,obs-char-000073,001_000001-000100_obs-char-bucket_oracle-characters,073_obs-char-000073_hust-obc-cat-0083_oracle-character,obs-cand-000073,src-hust-obc,hust-obc-cat-0083,0083,00083,72,hust-obc-label-xwalk-0073,㑉,U+3449,1,false,1,hust-obc-src-cat-0083,unknown_until_cross_source_review,reserved_candidate_not_assigned,needs_cross_source_review,compare_xiaoxuetang_obm_obimd_evobc_and_primary_inscription_context,source_marked_risk_noted,"This row is a promotion-review queue item only. The suggested obs-char ID is not assigned until cross-source review confirms provenance, form identity, and decipherment status. HUST-OBC labels must not be treated as accepted readings.",needs_review,2026-06-04
hust-obc-bucket-001-row-074,hust-obc-obs-char-promo-000074,obs-char-000074,001_000001-000100_obs-char-bucket_oracle-characters,074_obs-char-000074_hust-obc-cat-0084_oracle-character,obs-cand-000074,src-hust-obc,hust-obc-cat-0084,0084,00084,73,hust-obc-label-xwalk-0074,㑊,U+344A,1,false,1,hust-obc-src-cat-0084,unknown_until_cross_source_review,reserved_candidate_not_assigned,needs_cross_source_review,compare_xiaoxuetang_obm_obimd_evobc_and_primary_inscription_context,source_marked_risk_noted,"This row is a promotion-review queue item only. The suggested obs-char ID is not assigned until cross-source review confirms provenance, form identity, and decipherment status. HUST-OBC labels must not be treated as accepted readings.",needs_review,2026-06-04
hust-obc-bucket-001-row-075,hust-obc-obs-char-promo-000075,obs-char-000075,001_000001-000100_obs-char-bucket_oracle-characters,075_obs-char-000075_hust-obc-cat-0085_oracle-character,obs-cand-000075,src-hust-obc,hust-obc-cat-0085,0085,00085,74,hust-obc-label-xwalk-0075,㑋,U+344B,1,false,1,hust-obc-src-cat-0085,unknown_until_cross_source_review,reserved_candidate_not_assigned,needs_cross_source_review,compare_xiaoxuetang_obm_obimd_evobc_and_primary_inscription_context,source_marked_risk_noted,"This row is a promotion-review queue item only. The suggested obs-char ID is not assigned until cross-source review confirms provenance, form identity, and decipherment status. HUST-OBC labels must not be treated as accepted readings.",needs_review,2026-06-04
hust-obc-bucket-001-row-076,hust-obc-obs-char-promo-000076,obs-char-000076,001_000001-000100_obs-char-bucket_oracle-characters,076_obs-char-000076_hust-obc-cat-0086_oracle-character,obs-cand-000076,src-hust-obc,hust-obc-cat-0086,0086,00086,75,hust-obc-label-xwalk-0076,㑌,U+344C,1,false,1,hust-obc-src-cat-0086,unknown_until_cross_source_review,reserved_candidate_not_assigned,needs_cross_source_review,compare_xiaoxuetang_obm_obimd_evobc_and_primary_inscription_context,source_marked_risk_noted,"This row is a promotion-review queue item only. The suggested obs-char ID is not assigned until cross-source review confirms provenance, form identity, and decipherment status. HUST-OBC labels must not be treated as accepted readings.",needs_review,2026-06-04
hust-obc-bucket-001-row-077,hust-obc-obs-char-promo-000077,obs-char-000077,001_000001-000100_obs-char-bucket_oracle-characters,077_obs-char-000077_hust-obc-cat-0087_oracle-character,obs-cand-000077,src-hust-obc,hust-obc-cat-0087,0087,00087,76,hust-obc-label-xwalk-0077,㑍,U+344D,1,false,1,hust-obc-src-cat-0087,unknown_until_cross_source_review,reserved_candidate_not_assigned,needs_cross_source_review,compare_xiaoxuetang_obm_obimd_evobc_and_primary_inscription_context,source_marked_risk_noted,"This row is a promotion-review queue item only. The suggested obs-char ID is not assigned until cross-source review confirms provenance, form identity, and decipherment status. HUST-OBC labels must not be treated as accepted readings.",needs_review,2026-06-04
hust-obc-bucket-001-row-078,hust-obc-obs-char-promo-000078,obs-char-000078,001_000001-000100_obs-char-bucket_oracle-characters,078_obs-char-000078_hust-obc-cat-0088_oracle-character,obs-cand-000078,src-hust-obc,hust-obc-cat-0088,0088,00088,77,hust-obc-label-xwalk-0078,㑎,U+344E,1,false,1,hust-obc-src-cat-0088,unknown_until_cross_source_review,reserved_candidate_not_assigned,needs_cross_source_review,compare_xiaoxuetang_obm_obimd_evobc_and_primary_inscription_context,source_marked_risk_noted,"This row is a promotion-review queue item only. The suggested obs-char ID is not assigned until cross-source review confirms provenance, form identity, and decipherment status. HUST-OBC labels must not be treated as accepted readings.",needs_review,2026-06-04
hust-obc-bucket-001-row-079,hust-obc-obs-char-promo-000079,obs-char-000079,001_000001-000100_obs-char-bucket_oracle-characters,079_obs-char-000079_hust-obc-cat-0089_oracle-character,obs-cand-000079,src-hust-obc,hust-obc-cat-0089,0089,00089,78,hust-obc-label-xwalk-0079,㑏,U+344F,1,false,1,hust-obc-src-cat-0089,unknown_until_cross_source_review,reserved_candidate_not_assigned,needs_cross_source_review,compare_xiaoxuetang_obm_obimd_evobc_and_primary_inscription_context,source_marked_risk_noted,"This row is a promotion-review queue item only. The suggested obs-char ID is not assigned until cross-source review confirms provenance, form identity, and decipherment status. HUST-OBC labels must not be treated as accepted readings.",needs_review,2026-06-04
hust-obc-bucket-001-row-080,hust-obc-obs-char-promo-000080,obs-char-000080,001_000001-000100_obs-char-bucket_oracle-characters,080_obs-char-000080_hust-obc-cat-0090_oracle-character,obs-cand-000080,src-hust-obc,hust-obc-cat-0090,0090,00090,79,hust-obc-label-xwalk-0080,㑐,U+3450,1,false,1,hust-obc-src-cat-0090,unknown_until_cross_source_review,reserved_candidate_not_assigned,needs_cross_source_review,compare_xiaoxuetang_obm_obimd_evobc_and_primary_inscription_context,source_marked_risk_noted,"This row is a promotion-review queue item only. The suggested obs-char ID is not assigned until cross-source review confirms provenance, form identity, and decipherment status. HUST-OBC labels must not be treated as accepted readings.",needs_review,2026-06-04
hust-obc-bucket-001-row-081,hust-obc-obs-char-promo-000081,obs-char-000081,001_000001-000100_obs-char-bucket_oracle-characters,081_obs-char-000081_hust-obc-cat-0091_oracle-character,obs-cand-000081,src-hust-obc,hust-obc-cat-0091,0091,00091,80,hust-obc-label-xwalk-0081,㑑,U+3451,1,false,1,hust-obc-src-cat-0091,unknown_until_cross_source_review,reserved_candidate_not_assigned,needs_cross_source_review,compare_xiaoxuetang_obm_obimd_evobc_and_primary_inscription_context,source_marked_risk_noted,"This row is a promotion-review queue item only. The suggested obs-char ID is not assigned until cross-source review confirms provenance, form identity, and decipherment status. HUST-OBC labels must not be treated as accepted readings.",needs_review,2026-06-04
hust-obc-bucket-001-row-082,hust-obc-obs-char-promo-000082,obs-char-000082,001_000001-000100_obs-char-bucket_oracle-characters,082_obs-char-000082_hust-obc-cat-0092_oracle-character,obs-cand-000082,src-hust-obc,hust-obc-cat-0092,0092,00092,81,hust-obc-label-xwalk-0082,㑒,U+3452,1,false,1,hust-obc-src-cat-0092,unknown_until_cross_source_review,reserved_candidate_not_assigned,needs_cross_source_review,compare_xiaoxuetang_obm_obimd_evobc_and_primary_inscription_context,source_marked_risk_noted,"This row is a promotion-review queue item only. The suggested obs-char ID is not assigned until cross-source review confirms provenance, form identity, and decipherment status. HUST-OBC labels must not be treated as accepted readings.",needs_review,2026-06-04
hust-obc-bucket-001-row-083,hust-obc-obs-char-promo-000083,obs-char-000083,001_000001-000100_obs-char-bucket_oracle-characters,083_obs-char-000083_hust-obc-cat-0093_oracle-character,obs-cand-000083,src-hust-obc,hust-obc-cat-0093,0093,00093,82,hust-obc-label-xwalk-0083,㑓,U+3453,1,false,1,hust-obc-src-cat-0093,unknown_until_cross_source_review,reserved_candidate_not_assigned,needs_cross_source_review,compare_xiaoxuetang_obm_obimd_evobc_and_primary_inscription_context,source_marked_risk_noted,"This row is a promotion-review queue item only. The suggested obs-char ID is not assigned until cross-source review confirms provenance, form identity, and decipherment status. HUST-OBC labels must not be treated as accepted readings.",needs_review,2026-06-04
hust-obc-bucket-001-row-084,hust-obc-obs-char-promo-000084,obs-char-000084,001_000001-000100_obs-char-bucket_oracle-characters,084_obs-char-000084_hust-obc-cat-0094_oracle-character,obs-cand-000084,src-hust-obc,hust-obc-cat-0094,0094,00094,83,hust-obc-label-xwalk-0084,㑔,U+3454,1,false,1,hust-obc-src-cat-0094,unknown_until_cross_source_review,reserved_candidate_not_assigned,needs_cross_source_review,compare_xiaoxuetang_obm_obimd_evobc_and_primary_inscription_context,source_marked_risk_noted,"This row is a promotion-review queue item only. The suggested obs-char ID is not assigned until cross-source review confirms provenance, form identity, and decipherment status. HUST-OBC labels must not be treated as accepted readings.",needs_review,2026-06-04
hust-obc-bucket-001-row-085,hust-obc-obs-char-promo-000085,obs-char-000085,001_000001-000100_obs-char-bucket_oracle-characters,085_obs-char-000085_hust-obc-cat-0095_oracle-character,obs-cand-000085,src-hust-obc,hust-obc-cat-0095,0095,00095,84,hust-obc-label-xwalk-0085,㑕,U+3455,1,false,1,hust-obc-src-cat-0095,unknown_until_cross_source_review,reserved_candidate_not_assigned,needs_cross_source_review,compare_xiaoxuetang_obm_obimd_evobc_and_primary_inscription_context,source_marked_risk_noted,"This row is a promotion-review queue item only. The suggested obs-char ID is not assigned until cross-source review confirms provenance, form identity, and decipherment status. HUST-OBC labels must not be treated as accepted readings.",needs_review,2026-06-04
hust-obc-bucket-001-row-086,hust-obc-obs-char-promo-000086,obs-char-000086,001_000001-000100_obs-char-bucket_oracle-characters,086_obs-char-000086_hust-obc-cat-0096_oracle-character,obs-cand-000086,src-hust-obc,hust-obc-cat-0096,0096,00096,85,hust-obc-label-xwalk-0086,㑖,U+3456,1,false,1,hust-obc-src-cat-0096,unknown_until_cross_source_review,reserved_candidate_not_assigned,needs_cross_source_review,compare_xiaoxuetang_obm_obimd_evobc_and_primary_inscription_context,source_marked_risk_noted,"This row is a promotion-review queue item only. The suggested obs-char ID is not assigned until cross-source review confirms provenance, form identity, and decipherment status. HUST-OBC labels must not be treated as accepted readings.",needs_review,2026-06-04
hust-obc-bucket-001-row-087,hust-obc-obs-char-promo-000087,obs-char-000087,001_000001-000100_obs-char-bucket_oracle-characters,087_obs-char-000087_hust-obc-cat-0097_oracle-character,obs-cand-000087,src-hust-obc,hust-obc-cat-0097,0097,00097,86,hust-obc-label-xwalk-0087,㑗,U+3457,1,false,1,hust-obc-src-cat-0097,unknown_until_cross_source_review,reserved_candidate_not_assigned,needs_cross_source_review,compare_xiaoxuetang_obm_obimd_evobc_and_primary_inscription_context,source_marked_risk_noted,"This row is a promotion-review queue item only. The suggested obs-char ID is not assigned until cross-source review confirms provenance, form identity, and decipherment status. HUST-OBC labels must not be treated as accepted readings.",needs_review,2026-06-04
hust-obc-bucket-001-row-088,hust-obc-obs-char-promo-000088,obs-char-000088,001_000001-000100_obs-char-bucket_oracle-characters,088_obs-char-000088_hust-obc-cat-0098_oracle-character,obs-cand-000088,src-hust-obc,hust-obc-cat-0098,0098,00098,87,hust-obc-label-xwalk-0088,㑘,U+3458,1,false,1,hust-obc-src-cat-0098,unknown_until_cross_source_review,reserved_candidate_not_assigned,needs_cross_source_review,compare_xiaoxuetang_obm_obimd_evobc_and_primary_inscription_context,source_marked_risk_noted,"This row is a promotion-review queue item only. The suggested obs-char ID is not assigned until cross-source review confirms provenance, form identity, and decipherment status. HUST-OBC labels must not be treated as accepted readings.",needs_review,2026-06-04
hust-obc-bucket-001-row-089,hust-obc-obs-char-promo-000089,obs-char-000089,001_000001-000100_obs-char-bucket_oracle-characters,089_obs-char-000089_hust-obc-cat-0099_oracle-character,obs-cand-000089,src-hust-obc,hust-obc-cat-0099,0099,00099,88,hust-obc-label-xwalk-0089,㑙,U+3459,1,false,1,hust-obc-src-cat-0099,unknown_until_cross_source_review,reserved_candidate_not_assigned,needs_cross_source_review,compare_xiaoxuetang_obm_obimd_evobc_and_primary_inscription_context,source_marked_risk_noted,"This row is a promotion-review queue item only. The suggested obs-char ID is not assigned until cross-source review confirms provenance, form identity, and decipherment status. HUST-OBC labels must not be treated as accepted readings.",needs_review,2026-06-04
hust-obc-bucket-001-row-090,hust-obc-obs-char-promo-000090,obs-char-000090,001_000001-000100_obs-char-bucket_oracle-characters,090_obs-char-000090_hust-obc-cat-0100_oracle-character,obs-cand-000090,src-hust-obc,hust-obc-cat-0100,0100,00100,89,hust-obc-label-xwalk-0090,㑚,U+345A,1,false,1,hust-obc-src-cat-0100,unknown_until_cross_source_review,reserved_candidate_not_assigned,needs_cross_source_review,compare_xiaoxuetang_obm_obimd_evobc_and_primary_inscription_context,source_marked_risk_noted,"This row is a promotion-review queue item only. The suggested obs-char ID is not assigned until cross-source review confirms provenance, form identity, and decipherment status. HUST-OBC labels must not be treated as accepted readings.",needs_review,2026-06-04
hust-obc-bucket-001-row-091,hust-obc-obs-char-promo-000091,obs-char-000091,001_000001-000100_obs-char-bucket_oracle-characters,091_obs-char-000091_hust-obc-cat-0101_oracle-character,obs-cand-000091,src-hust-obc,hust-obc-cat-0101,0101,00101,90,hust-obc-label-xwalk-0091,㑛,U+345B,1,false,1,hust-obc-src-cat-0101,unknown_until_cross_source_review,reserved_candidate_not_assigned,needs_cross_source_review,compare_xiaoxuetang_obm_obimd_evobc_and_primary_inscription_context,source_marked_risk_noted,"This row is a promotion-review queue item only. The suggested obs-char ID is not assigned until cross-source review confirms provenance, form identity, and decipherment status. HUST-OBC labels must not be treated as accepted readings.",needs_review,2026-06-04
hust-obc-bucket-001-row-092,hust-obc-obs-char-promo-000092,obs-char-000092,001_000001-000100_obs-char-bucket_oracle-characters,092_obs-char-000092_hust-obc-cat-0102_oracle-character,obs-cand-000092,src-hust-obc,hust-obc-cat-0102,0102,00102,91,hust-obc-label-xwalk-0092,㑜,U+345C,1,false,1,hust-obc-src-cat-0102,unknown_until_cross_source_review,reserved_candidate_not_assigned,needs_cross_source_review,compare_xiaoxuetang_obm_obimd_evobc_and_primary_inscription_context,source_marked_risk_noted,"This row is a promotion-review queue item only. The suggested obs-char ID is not assigned until cross-source review confirms provenance, form identity, and decipherment status. HUST-OBC labels must not be treated as accepted readings.",needs_review,2026-06-04
hust-obc-bucket-001-row-093,hust-obc-obs-char-promo-000093,obs-char-000093,001_000001-000100_obs-char-bucket_oracle-characters,093_obs-char-000093_hust-obc-cat-0103_oracle-character,obs-cand-000093,src-hust-obc,hust-obc-cat-0103,0103,00103,92,hust-obc-label-xwalk-0093,㑝,U+345D,1,false,1,hust-obc-src-cat-0103,unknown_until_cross_source_review,reserved_candidate_not_assigned,needs_cross_source_review,compare_xiaoxuetang_obm_obimd_evobc_and_primary_inscription_context,source_marked_risk_noted,"This row is a promotion-review queue item only. The suggested obs-char ID is not assigned until cross-source review confirms provenance, form identity, and decipherment status. HUST-OBC labels must not be treated as accepted readings.",needs_review,2026-06-04
hust-obc-bucket-001-row-094,hust-obc-obs-char-promo-000094,obs-char-000094,001_000001-000100_obs-char-bucket_oracle-characters,094_obs-char-000094_hust-obc-cat-0104_oracle-character,obs-cand-000094,src-hust-obc,hust-obc-cat-0104,0104,00104,93,hust-obc-label-xwalk-0094,㑞,U+345E,1,false,1,hust-obc-src-cat-0104,unknown_until_cross_source_review,reserved_candidate_not_assigned,needs_cross_source_review,compare_xiaoxuetang_obm_obimd_evobc_and_primary_inscription_context,source_marked_risk_noted,"This row is a promotion-review queue item only. The suggested obs-char ID is not assigned until cross-source review confirms provenance, form identity, and decipherment status. HUST-OBC labels must not be treated as accepted readings.",needs_review,2026-06-04
hust-obc-bucket-001-row-095,hust-obc-obs-char-promo-000095,obs-char-000095,001_000001-000100_obs-char-bucket_oracle-characters,095_obs-char-000095_hust-obc-cat-0105_oracle-character,obs-cand-000095,src-hust-obc,hust-obc-cat-0105,0105,00105,94,hust-obc-label-xwalk-0095,㑟,U+345F,1,false,1,hust-obc-src-cat-0105,unknown_until_cross_source_review,reserved_candidate_not_assigned,needs_cross_source_review,compare_xiaoxuetang_obm_obimd_evobc_and_primary_inscription_context,source_marked_risk_noted,"This row is a promotion-review queue item only. The suggested obs-char ID is not assigned until cross-source review confirms provenance, form identity, and decipherment status. HUST-OBC labels must not be treated as accepted readings.",needs_review,2026-06-04
hust-obc-bucket-001-row-096,hust-obc-obs-char-promo-000096,obs-char-000096,001_000001-000100_obs-char-bucket_oracle-characters,096_obs-char-000096_hust-obc-cat-0106_0107_oracle-character,obs-cand-000096,src-hust-obc,hust-obc-cat-0106_0107,0106_0107,00106;00107,95,hust-obc-label-xwalk-0096,㑠㑡,U+3460;U+3461,2,true,2,hust-obc-src-cat-0106;hust-obc-src-cat-0107,unknown_until_cross_source_review,reserved_candidate_not_assigned,needs_cross_source_review,compare_xiaoxuetang_obm_obimd_evobc_and_primary_inscription_context,source_marked_risk_noted,"This row is a promotion-review queue item only. The suggested obs-char ID is not assigned until cross-source review confirms provenance, form identity, and decipherment status. HUST-OBC labels must not be treated as accepted readings.",needs_review,2026-06-04
hust-obc-bucket-001-row-097,hust-obc-obs-char-promo-000097,obs-char-000097,001_000001-000100_obs-char-bucket_oracle-characters,097_obs-char-000097_hust-obc-cat-0108_oracle-character,obs-cand-000097,src-hust-obc,hust-obc-cat-0108,0108,00108,96,hust-obc-label-xwalk-0097,㑢,U+3462,1,false,1,hust-obc-src-cat-0108,unknown_until_cross_source_review,reserved_candidate_not_assigned,needs_cross_source_review,compare_xiaoxuetang_obm_obimd_evobc_and_primary_inscription_context,source_marked_risk_noted,"This row is a promotion-review queue item only. The suggested obs-char ID is not assigned until cross-source review confirms provenance, form identity, and decipherment status. HUST-OBC labels must not be treated as accepted readings.",needs_review,2026-06-04
hust-obc-bucket-001-row-098,hust-obc-obs-char-promo-000098,obs-char-000098,001_000001-000100_obs-char-bucket_oracle-characters,098_obs-char-000098_hust-obc-cat-0109_oracle-character,obs-cand-000098,src-hust-obc,hust-obc-cat-0109,0109,00109,97,hust-obc-label-xwalk-0098,㑣,U+3463,1,false,1,hust-obc-src-cat-0109,unknown_until_cross_source_review,reserved_candidate_not_assigned,needs_cross_source_review,compare_xiaoxuetang_obm_obimd_evobc_and_primary_inscription_context,source_marked_risk_noted,"This row is a promotion-review queue item only. The suggested obs-char ID is not assigned until cross-source review confirms provenance, form identity, and decipherment status. HUST-OBC labels must not be treated as accepted readings.",needs_review,2026-06-04
hust-obc-bucket-001-row-099,hust-obc-obs-char-promo-000099,obs-char-000099,001_000001-000100_obs-char-bucket_oracle-characters,099_obs-char-000099_hust-obc-cat-0110_oracle-character,obs-cand-000099,src-hust-obc,hust-obc-cat-0110,0110,00110,98,hust-obc-label-xwalk-0099,㑤,U+3464,1,false,1,hust-obc-src-cat-0110,unknown_until_cross_source_review,reserved_candidate_not_assigned,needs_cross_source_review,compare_xiaoxuetang_obm_obimd_evobc_and_primary_inscription_context,source_marked_risk_noted,"This row is a promotion-review queue item only. The suggested obs-char ID is not assigned until cross-source review confirms provenance, form identity, and decipherment status. HUST-OBC labels must not be treated as accepted readings.",needs_review,2026-06-04
hust-obc-bucket-001-row-100,hust-obc-obs-char-promo-000100,obs-char-000100,001_000001-000100_obs-char-bucket_oracle-characters,100_obs-char-000100_hust-obc-cat-0111_oracle-character,obs-cand-000100,src-hust-obc,hust-obc-cat-0111,0111,00111,99,hust-obc-label-xwalk-0100,㑥,U+3465,1,false,1,hust-obc-src-cat-0111,unknown_until_cross_source_review,reserved_candidate_not_assigned,needs_cross_source_review,compare_xiaoxuetang_obm_obimd_evobc_and_primary_inscription_context,source_marked_risk_noted,"This row is a promotion-review queue item only. The suggested obs-char ID is not assigned until cross-source review confirms provenance, form identity, and decipherment status. HUST-OBC labels must not be treated as accepted readings.",needs_review,2026-06-04
