candidate_packet_id,suggested_oracle_character_id,candidate_packet_path,source_id,primary_external_ref_id,source_label_candidate,source_label_codepoints,label_component_count,has_multi_component_label,source_category_member_count,promotion_queue_id,candidate_class_id,source_category_row_ids,assignment_status,promotion_status,decipherment_status,dataset_label_status,rights_status,review_status,research_boundary,caution,updated_at
hust-obc-candidate-packet-000001,obs-char-000001,corpus/001_oracle-characters/001_000001-000100_obs-char-bucket_oracle-characters/001_obs-char-000001_hust-obc-cat-0001_oracle-character/01_candidate-character-packet.json,src-hust-obc,hust-obc-cat-0001,⺀,U+2E80,1,false,1,hust-obc-obs-char-promo-000001,obs-cand-000001,hust-obc-src-cat-0001,reserved_candidate_not_assigned,needs_cross_source_review,unknown_until_cross_source_review,dataset_label_candidate_not_accepted_reading,source_marked_risk_noted,needs_cross_source_review,candidate_packet_not_accepted_character_record_not_scholarship,"Candidate packet only. This is not an accepted oracle character record, not an accepted reading, not a source promotion, and not a decipherment conclusion. The HUST-OBC label is dataset metadata for lookup until cross-source review.",2026-06-10
hust-obc-candidate-packet-000002,obs-char-000002,corpus/001_oracle-characters/001_000001-000100_obs-char-bucket_oracle-characters/002_obs-char-000002_hust-obc-cat-0002_oracle-character/01_candidate-character-packet.json,src-hust-obc,hust-obc-cat-0002,⺄,U+2E84,1,false,1,hust-obc-obs-char-promo-000002,obs-cand-000002,hust-obc-src-cat-0002,reserved_candidate_not_assigned,needs_cross_source_review,unknown_until_cross_source_review,dataset_label_candidate_not_accepted_reading,source_marked_risk_noted,needs_cross_source_review,candidate_packet_not_accepted_character_record_not_scholarship,"Candidate packet only. This is not an accepted oracle character record, not an accepted reading, not a source promotion, and not a decipherment conclusion. The HUST-OBC label is dataset metadata for lookup until cross-source review.",2026-06-10
hust-obc-candidate-packet-000003,obs-char-000003,corpus/001_oracle-characters/001_000001-000100_obs-char-bucket_oracle-characters/003_obs-char-000003_hust-obc-cat-0003_oracle-character/01_candidate-character-packet.json,src-hust-obc,hust-obc-cat-0003,⺆,U+2E86,1,false,1,hust-obc-obs-char-promo-000003,obs-cand-000003,hust-obc-src-cat-0003,reserved_candidate_not_assigned,needs_cross_source_review,unknown_until_cross_source_review,dataset_label_candidate_not_accepted_reading,source_marked_risk_noted,needs_cross_source_review,candidate_packet_not_accepted_character_record_not_scholarship,"Candidate packet only. This is not an accepted oracle character record, not an accepted reading, not a source promotion, and not a decipherment conclusion. The HUST-OBC label is dataset metadata for lookup until cross-source review.",2026-06-10
hust-obc-candidate-packet-000004,obs-char-000004,corpus/001_oracle-characters/001_000001-000100_obs-char-bucket_oracle-characters/004_obs-char-000004_hust-obc-cat-0004_oracle-character/01_candidate-character-packet.json,src-hust-obc,hust-obc-cat-0004,⺊,U+2E8A,1,false,1,hust-obc-obs-char-promo-000004,obs-cand-000004,hust-obc-src-cat-0004,reserved_candidate_not_assigned,needs_cross_source_review,unknown_until_cross_source_review,dataset_label_candidate_not_accepted_reading,source_marked_risk_noted,needs_cross_source_review,candidate_packet_not_accepted_character_record_not_scholarship,"Candidate packet only. This is not an accepted oracle character record, not an accepted reading, not a source promotion, and not a decipherment conclusion. The HUST-OBC label is dataset metadata for lookup until cross-source review.",2026-06-10
hust-obc-candidate-packet-000005,obs-char-000005,corpus/001_oracle-characters/001_000001-000100_obs-char-bucket_oracle-characters/005_obs-char-000005_hust-obc-cat-0005_oracle-character/01_candidate-character-packet.json,src-hust-obc,hust-obc-cat-0005,⺌,U+2E8C,1,false,1,hust-obc-obs-char-promo-000005,obs-cand-000005,hust-obc-src-cat-0005,reserved_candidate_not_assigned,needs_cross_source_review,unknown_until_cross_source_review,dataset_label_candidate_not_accepted_reading,source_marked_risk_noted,needs_cross_source_review,candidate_packet_not_accepted_character_record_not_scholarship,"Candidate packet only. This is not an accepted oracle character record, not an accepted reading, not a source promotion, and not a decipherment conclusion. The HUST-OBC label is dataset metadata for lookup until cross-source review.",2026-06-10
hust-obc-candidate-packet-000006,obs-char-000006,corpus/001_oracle-characters/001_000001-000100_obs-char-bucket_oracle-characters/006_obs-char-000006_hust-obc-cat-0006_oracle-character/01_candidate-character-packet.json,src-hust-obc,hust-obc-cat-0006,⺸,U+2EB8,1,false,1,hust-obc-obs-char-promo-000006,obs-cand-000006,hust-obc-src-cat-0006,reserved_candidate_not_assigned,needs_cross_source_review,unknown_until_cross_source_review,dataset_label_candidate_not_accepted_reading,source_marked_risk_noted,needs_cross_source_review,candidate_packet_not_accepted_character_record_not_scholarship,"Candidate packet only. This is not an accepted oracle character record, not an accepted reading, not a source promotion, and not a decipherment conclusion. The HUST-OBC label is dataset metadata for lookup until cross-source review.",2026-06-10
hust-obc-candidate-packet-000007,obs-char-000007,corpus/001_oracle-characters/001_000001-000100_obs-char-bucket_oracle-characters/007_obs-char-000007_hust-obc-cat-0007_oracle-character/01_candidate-character-packet.json,src-hust-obc,hust-obc-cat-0007,⺻,U+2EBB,1,false,1,hust-obc-obs-char-promo-000007,obs-cand-000007,hust-obc-src-cat-0007,reserved_candidate_not_assigned,needs_cross_source_review,unknown_until_cross_source_review,dataset_label_candidate_not_accepted_reading,source_marked_risk_noted,needs_cross_source_review,candidate_packet_not_accepted_character_record_not_scholarship,"Candidate packet only. This is not an accepted oracle character record, not an accepted reading, not a source promotion, and not a decipherment conclusion. The HUST-OBC label is dataset metadata for lookup until cross-source review.",2026-06-10
hust-obc-candidate-packet-000008,obs-char-000008,corpus/001_oracle-characters/001_000001-000100_obs-char-bucket_oracle-characters/008_obs-char-000008_hust-obc-cat-0008_oracle-character/01_candidate-character-packet.json,src-hust-obc,hust-obc-cat-0008,⺼,U+2EBC,1,false,1,hust-obc-obs-char-promo-000008,obs-cand-000008,hust-obc-src-cat-0008,reserved_candidate_not_assigned,needs_cross_source_review,unknown_until_cross_source_review,dataset_label_candidate_not_accepted_reading,source_marked_risk_noted,needs_cross_source_review,candidate_packet_not_accepted_character_record_not_scholarship,"Candidate packet only. This is not an accepted oracle character record, not an accepted reading, not a source promotion, and not a decipherment conclusion. The HUST-OBC label is dataset metadata for lookup until cross-source review.",2026-06-10
hust-obc-candidate-packet-000009,obs-char-000009,corpus/001_oracle-characters/001_000001-000100_obs-char-bucket_oracle-characters/009_obs-char-000009_hust-obc-cat-0009_oracle-character/01_candidate-character-packet.json,src-hust-obc,hust-obc-cat-0009,〢,U+3022,1,false,1,hust-obc-obs-char-promo-000009,obs-cand-000009,hust-obc-src-cat-0009,reserved_candidate_not_assigned,needs_cross_source_review,unknown_until_cross_source_review,dataset_label_candidate_not_accepted_reading,source_marked_risk_noted,needs_cross_source_review,candidate_packet_not_accepted_character_record_not_scholarship,"Candidate packet only. This is not an accepted oracle character record, not an accepted reading, not a source promotion, and not a decipherment conclusion. The HUST-OBC label is dataset metadata for lookup until cross-source review.",2026-06-10
hust-obc-candidate-packet-000010,obs-char-000010,corpus/001_oracle-characters/001_000001-000100_obs-char-bucket_oracle-characters/010_obs-char-000010_hust-obc-cat-0010_oracle-character/01_candidate-character-packet.json,src-hust-obc,hust-obc-cat-0010,㐀,U+3400,1,false,1,hust-obc-obs-char-promo-000010,obs-cand-000010,hust-obc-src-cat-0010,reserved_candidate_not_assigned,needs_cross_source_review,unknown_until_cross_source_review,dataset_label_candidate_not_accepted_reading,source_marked_risk_noted,needs_cross_source_review,candidate_packet_not_accepted_character_record_not_scholarship,"Candidate packet only. This is not an accepted oracle character record, not an accepted reading, not a source promotion, and not a decipherment conclusion. The HUST-OBC label is dataset metadata for lookup until cross-source review.",2026-06-10
hust-obc-candidate-packet-000011,obs-char-000011,corpus/001_oracle-characters/001_000001-000100_obs-char-bucket_oracle-characters/011_obs-char-000011_hust-obc-cat-0011_0012_0013_oracle-character/01_candidate-character-packet.json,src-hust-obc,hust-obc-cat-0011_0012_0013,㐁㐂㐃,U+3401;U+3402;U+3403,3,true,3,hust-obc-obs-char-promo-000011,obs-cand-000011,hust-obc-src-cat-0011;hust-obc-src-cat-0012;hust-obc-src-cat-0013,reserved_candidate_not_assigned,needs_cross_source_review,unknown_until_cross_source_review,dataset_label_candidate_not_accepted_reading,source_marked_risk_noted,needs_cross_source_review,candidate_packet_not_accepted_character_record_not_scholarship,"Candidate packet only. This is not an accepted oracle character record, not an accepted reading, not a source promotion, and not a decipherment conclusion. The HUST-OBC label is dataset metadata for lookup until cross-source review.",2026-06-10
hust-obc-candidate-packet-000012,obs-char-000012,corpus/001_oracle-characters/001_000001-000100_obs-char-bucket_oracle-characters/012_obs-char-000012_hust-obc-cat-0014_oracle-character/01_candidate-character-packet.json,src-hust-obc,hust-obc-cat-0014,㐄,U+3404,1,false,1,hust-obc-obs-char-promo-000012,obs-cand-000012,hust-obc-src-cat-0014,reserved_candidate_not_assigned,needs_cross_source_review,unknown_until_cross_source_review,dataset_label_candidate_not_accepted_reading,source_marked_risk_noted,needs_cross_source_review,candidate_packet_not_accepted_character_record_not_scholarship,"Candidate packet only. This is not an accepted oracle character record, not an accepted reading, not a source promotion, and not a decipherment conclusion. The HUST-OBC label is dataset metadata for lookup until cross-source review.",2026-06-10
hust-obc-candidate-packet-000013,obs-char-000013,corpus/001_oracle-characters/001_000001-000100_obs-char-bucket_oracle-characters/013_obs-char-000013_hust-obc-cat-0015_0016_oracle-character/01_candidate-character-packet.json,src-hust-obc,hust-obc-cat-0015_0016,㐅㐆,U+3405;U+3406,2,true,2,hust-obc-obs-char-promo-000013,obs-cand-000013,hust-obc-src-cat-0015;hust-obc-src-cat-0016,reserved_candidate_not_assigned,needs_cross_source_review,unknown_until_cross_source_review,dataset_label_candidate_not_accepted_reading,source_marked_risk_noted,needs_cross_source_review,candidate_packet_not_accepted_character_record_not_scholarship,"Candidate packet only. This is not an accepted oracle character record, not an accepted reading, not a source promotion, and not a decipherment conclusion. The HUST-OBC label is dataset metadata for lookup until cross-source review.",2026-06-10
hust-obc-candidate-packet-000014,obs-char-000014,corpus/001_oracle-characters/001_000001-000100_obs-char-bucket_oracle-characters/014_obs-char-000014_hust-obc-cat-0017_oracle-character/01_candidate-character-packet.json,src-hust-obc,hust-obc-cat-0017,㐇,U+3407,1,false,1,hust-obc-obs-char-promo-000014,obs-cand-000014,hust-obc-src-cat-0017,reserved_candidate_not_assigned,needs_cross_source_review,unknown_until_cross_source_review,dataset_label_candidate_not_accepted_reading,source_marked_risk_noted,needs_cross_source_review,candidate_packet_not_accepted_character_record_not_scholarship,"Candidate packet only. This is not an accepted oracle character record, not an accepted reading, not a source promotion, and not a decipherment conclusion. The HUST-OBC label is dataset metadata for lookup until cross-source review.",2026-06-10
hust-obc-candidate-packet-000015,obs-char-000015,corpus/001_oracle-characters/001_000001-000100_obs-char-bucket_oracle-characters/015_obs-char-000015_hust-obc-cat-0018_oracle-character/01_candidate-character-packet.json,src-hust-obc,hust-obc-cat-0018,㐈,U+3408,1,false,1,hust-obc-obs-char-promo-000015,obs-cand-000015,hust-obc-src-cat-0018,reserved_candidate_not_assigned,needs_cross_source_review,unknown_until_cross_source_review,dataset_label_candidate_not_accepted_reading,source_marked_risk_noted,needs_cross_source_review,candidate_packet_not_accepted_character_record_not_scholarship,"Candidate packet only. This is not an accepted oracle character record, not an accepted reading, not a source promotion, and not a decipherment conclusion. The HUST-OBC label is dataset metadata for lookup until cross-source review.",2026-06-10
hust-obc-candidate-packet-000016,obs-char-000016,corpus/001_oracle-characters/001_000001-000100_obs-char-bucket_oracle-characters/016_obs-char-000016_hust-obc-cat-0019_oracle-character/01_candidate-character-packet.json,src-hust-obc,hust-obc-cat-0019,㐉,U+3409,1,false,1,hust-obc-obs-char-promo-000016,obs-cand-000016,hust-obc-src-cat-0019,reserved_candidate_not_assigned,needs_cross_source_review,unknown_until_cross_source_review,dataset_label_candidate_not_accepted_reading,source_marked_risk_noted,needs_cross_source_review,candidate_packet_not_accepted_character_record_not_scholarship,"Candidate packet only. This is not an accepted oracle character record, not an accepted reading, not a source promotion, and not a decipherment conclusion. The HUST-OBC label is dataset metadata for lookup until cross-source review.",2026-06-10
hust-obc-candidate-packet-000017,obs-char-000017,corpus/001_oracle-characters/001_000001-000100_obs-char-bucket_oracle-characters/017_obs-char-000017_hust-obc-cat-0020_oracle-character/01_candidate-character-packet.json,src-hust-obc,hust-obc-cat-0020,㐊,U+340A,1,false,1,hust-obc-obs-char-promo-000017,obs-cand-000017,hust-obc-src-cat-0020,reserved_candidate_not_assigned,needs_cross_source_review,unknown_until_cross_source_review,dataset_label_candidate_not_accepted_reading,source_marked_risk_noted,needs_cross_source_review,candidate_packet_not_accepted_character_record_not_scholarship,"Candidate packet only. This is not an accepted oracle character record, not an accepted reading, not a source promotion, and not a decipherment conclusion. The HUST-OBC label is dataset metadata for lookup until cross-source review.",2026-06-10
hust-obc-candidate-packet-000018,obs-char-000018,corpus/001_oracle-characters/001_000001-000100_obs-char-bucket_oracle-characters/018_obs-char-000018_hust-obc-cat-0021_oracle-character/01_candidate-character-packet.json,src-hust-obc,hust-obc-cat-0021,㐋,U+340B,1,false,1,hust-obc-obs-char-promo-000018,obs-cand-000018,hust-obc-src-cat-0021,reserved_candidate_not_assigned,needs_cross_source_review,unknown_until_cross_source_review,dataset_label_candidate_not_accepted_reading,source_marked_risk_noted,needs_cross_source_review,candidate_packet_not_accepted_character_record_not_scholarship,"Candidate packet only. This is not an accepted oracle character record, not an accepted reading, not a source promotion, and not a decipherment conclusion. The HUST-OBC label is dataset metadata for lookup until cross-source review.",2026-06-10
hust-obc-candidate-packet-000019,obs-char-000019,corpus/001_oracle-characters/001_000001-000100_obs-char-bucket_oracle-characters/019_obs-char-000019_hust-obc-cat-0022_oracle-character/01_candidate-character-packet.json,src-hust-obc,hust-obc-cat-0022,㐌,U+340C,1,false,1,hust-obc-obs-char-promo-000019,obs-cand-000019,hust-obc-src-cat-0022,reserved_candidate_not_assigned,needs_cross_source_review,unknown_until_cross_source_review,dataset_label_candidate_not_accepted_reading,source_marked_risk_noted,needs_cross_source_review,candidate_packet_not_accepted_character_record_not_scholarship,"Candidate packet only. This is not an accepted oracle character record, not an accepted reading, not a source promotion, and not a decipherment conclusion. The HUST-OBC label is dataset metadata for lookup until cross-source review.",2026-06-10
hust-obc-candidate-packet-000020,obs-char-000020,corpus/001_oracle-characters/001_000001-000100_obs-char-bucket_oracle-characters/020_obs-char-000020_hust-obc-cat-0023_0024_oracle-character/01_candidate-character-packet.json,src-hust-obc,hust-obc-cat-0023_0024,㐍㐎,U+340D;U+340E,2,true,2,hust-obc-obs-char-promo-000020,obs-cand-000020,hust-obc-src-cat-0023;hust-obc-src-cat-0024,reserved_candidate_not_assigned,needs_cross_source_review,unknown_until_cross_source_review,dataset_label_candidate_not_accepted_reading,source_marked_risk_noted,needs_cross_source_review,candidate_packet_not_accepted_character_record_not_scholarship,"Candidate packet only. This is not an accepted oracle character record, not an accepted reading, not a source promotion, and not a decipherment conclusion. The HUST-OBC label is dataset metadata for lookup until cross-source review.",2026-06-10
hust-obc-candidate-packet-000021,obs-char-000021,corpus/001_oracle-characters/001_000001-000100_obs-char-bucket_oracle-characters/021_obs-char-000021_hust-obc-cat-0025_0026_oracle-character/01_candidate-character-packet.json,src-hust-obc,hust-obc-cat-0025_0026,㐏㐐,U+340F;U+3410,2,true,2,hust-obc-obs-char-promo-000021,obs-cand-000021,hust-obc-src-cat-0025;hust-obc-src-cat-0026,reserved_candidate_not_assigned,needs_cross_source_review,unknown_until_cross_source_review,dataset_label_candidate_not_accepted_reading,source_marked_risk_noted,needs_cross_source_review,candidate_packet_not_accepted_character_record_not_scholarship,"Candidate packet only. This is not an accepted oracle character record, not an accepted reading, not a source promotion, and not a decipherment conclusion. The HUST-OBC label is dataset metadata for lookup until cross-source review.",2026-06-10
hust-obc-candidate-packet-000022,obs-char-000022,corpus/001_oracle-characters/001_000001-000100_obs-char-bucket_oracle-characters/022_obs-char-000022_hust-obc-cat-0027_oracle-character/01_candidate-character-packet.json,src-hust-obc,hust-obc-cat-0027,㐑,U+3411,1,false,1,hust-obc-obs-char-promo-000022,obs-cand-000022,hust-obc-src-cat-0027,reserved_candidate_not_assigned,needs_cross_source_review,unknown_until_cross_source_review,dataset_label_candidate_not_accepted_reading,source_marked_risk_noted,needs_cross_source_review,candidate_packet_not_accepted_character_record_not_scholarship,"Candidate packet only. This is not an accepted oracle character record, not an accepted reading, not a source promotion, and not a decipherment conclusion. The HUST-OBC label is dataset metadata for lookup until cross-source review.",2026-06-10
hust-obc-candidate-packet-000023,obs-char-000023,corpus/001_oracle-characters/001_000001-000100_obs-char-bucket_oracle-characters/023_obs-char-000023_hust-obc-cat-0028_oracle-character/01_candidate-character-packet.json,src-hust-obc,hust-obc-cat-0028,㐒,U+3412,1,false,1,hust-obc-obs-char-promo-000023,obs-cand-000023,hust-obc-src-cat-0028,reserved_candidate_not_assigned,needs_cross_source_review,unknown_until_cross_source_review,dataset_label_candidate_not_accepted_reading,source_marked_risk_noted,needs_cross_source_review,candidate_packet_not_accepted_character_record_not_scholarship,"Candidate packet only. This is not an accepted oracle character record, not an accepted reading, not a source promotion, and not a decipherment conclusion. The HUST-OBC label is dataset metadata for lookup until cross-source review.",2026-06-10
hust-obc-candidate-packet-000024,obs-char-000024,corpus/001_oracle-characters/001_000001-000100_obs-char-bucket_oracle-characters/024_obs-char-000024_hust-obc-cat-0029_oracle-character/01_candidate-character-packet.json,src-hust-obc,hust-obc-cat-0029,㐓,U+3413,1,false,1,hust-obc-obs-char-promo-000024,obs-cand-000024,hust-obc-src-cat-0029,reserved_candidate_not_assigned,needs_cross_source_review,unknown_until_cross_source_review,dataset_label_candidate_not_accepted_reading,source_marked_risk_noted,needs_cross_source_review,candidate_packet_not_accepted_character_record_not_scholarship,"Candidate packet only. This is not an accepted oracle character record, not an accepted reading, not a source promotion, and not a decipherment conclusion. The HUST-OBC label is dataset metadata for lookup until cross-source review.",2026-06-10
hust-obc-candidate-packet-000025,obs-char-000025,corpus/001_oracle-characters/001_000001-000100_obs-char-bucket_oracle-characters/025_obs-char-000025_hust-obc-cat-0030_oracle-character/01_candidate-character-packet.json,src-hust-obc,hust-obc-cat-0030,㐔,U+3414,1,false,1,hust-obc-obs-char-promo-000025,obs-cand-000025,hust-obc-src-cat-0030,reserved_candidate_not_assigned,needs_cross_source_review,unknown_until_cross_source_review,dataset_label_candidate_not_accepted_reading,source_marked_risk_noted,needs_cross_source_review,candidate_packet_not_accepted_character_record_not_scholarship,"Candidate packet only. This is not an accepted oracle character record, not an accepted reading, not a source promotion, and not a decipherment conclusion. The HUST-OBC label is dataset metadata for lookup until cross-source review.",2026-06-10
hust-obc-candidate-packet-000026,obs-char-000026,corpus/001_oracle-characters/001_000001-000100_obs-char-bucket_oracle-characters/026_obs-char-000026_hust-obc-cat-0031_oracle-character/01_candidate-character-packet.json,src-hust-obc,hust-obc-cat-0031,㐕,U+3415,1,false,1,hust-obc-obs-char-promo-000026,obs-cand-000026,hust-obc-src-cat-0031,reserved_candidate_not_assigned,needs_cross_source_review,unknown_until_cross_source_review,dataset_label_candidate_not_accepted_reading,source_marked_risk_noted,needs_cross_source_review,candidate_packet_not_accepted_character_record_not_scholarship,"Candidate packet only. This is not an accepted oracle character record, not an accepted reading, not a source promotion, and not a decipherment conclusion. The HUST-OBC label is dataset metadata for lookup until cross-source review.",2026-06-10
hust-obc-candidate-packet-000027,obs-char-000027,corpus/001_oracle-characters/001_000001-000100_obs-char-bucket_oracle-characters/027_obs-char-000027_hust-obc-cat-0032_oracle-character/01_candidate-character-packet.json,src-hust-obc,hust-obc-cat-0032,㐖,U+3416,1,false,1,hust-obc-obs-char-promo-000027,obs-cand-000027,hust-obc-src-cat-0032,reserved_candidate_not_assigned,needs_cross_source_review,unknown_until_cross_source_review,dataset_label_candidate_not_accepted_reading,source_marked_risk_noted,needs_cross_source_review,candidate_packet_not_accepted_character_record_not_scholarship,"Candidate packet only. This is not an accepted oracle character record, not an accepted reading, not a source promotion, and not a decipherment conclusion. The HUST-OBC label is dataset metadata for lookup until cross-source review.",2026-06-10
hust-obc-candidate-packet-000028,obs-char-000028,corpus/001_oracle-characters/001_000001-000100_obs-char-bucket_oracle-characters/028_obs-char-000028_hust-obc-cat-0033_oracle-character/01_candidate-character-packet.json,src-hust-obc,hust-obc-cat-0033,㐗,U+3417,1,false,1,hust-obc-obs-char-promo-000028,obs-cand-000028,hust-obc-src-cat-0033,reserved_candidate_not_assigned,needs_cross_source_review,unknown_until_cross_source_review,dataset_label_candidate_not_accepted_reading,source_marked_risk_noted,needs_cross_source_review,candidate_packet_not_accepted_character_record_not_scholarship,"Candidate packet only. This is not an accepted oracle character record, not an accepted reading, not a source promotion, and not a decipherment conclusion. The HUST-OBC label is dataset metadata for lookup until cross-source review.",2026-06-10
hust-obc-candidate-packet-000029,obs-char-000029,corpus/001_oracle-characters/001_000001-000100_obs-char-bucket_oracle-characters/029_obs-char-000029_hust-obc-cat-0034_oracle-character/01_candidate-character-packet.json,src-hust-obc,hust-obc-cat-0034,㐘,U+3418,1,false,1,hust-obc-obs-char-promo-000029,obs-cand-000029,hust-obc-src-cat-0034,reserved_candidate_not_assigned,needs_cross_source_review,unknown_until_cross_source_review,dataset_label_candidate_not_accepted_reading,source_marked_risk_noted,needs_cross_source_review,candidate_packet_not_accepted_character_record_not_scholarship,"Candidate packet only. This is not an accepted oracle character record, not an accepted reading, not a source promotion, and not a decipherment conclusion. The HUST-OBC label is dataset metadata for lookup until cross-source review.",2026-06-10
hust-obc-candidate-packet-000030,obs-char-000030,corpus/001_oracle-characters/001_000001-000100_obs-char-bucket_oracle-characters/030_obs-char-000030_hust-obc-cat-0035_oracle-character/01_candidate-character-packet.json,src-hust-obc,hust-obc-cat-0035,㐙,U+3419,1,false,1,hust-obc-obs-char-promo-000030,obs-cand-000030,hust-obc-src-cat-0035,reserved_candidate_not_assigned,needs_cross_source_review,unknown_until_cross_source_review,dataset_label_candidate_not_accepted_reading,source_marked_risk_noted,needs_cross_source_review,candidate_packet_not_accepted_character_record_not_scholarship,"Candidate packet only. This is not an accepted oracle character record, not an accepted reading, not a source promotion, and not a decipherment conclusion. The HUST-OBC label is dataset metadata for lookup until cross-source review.",2026-06-10
hust-obc-candidate-packet-000031,obs-char-000031,corpus/001_oracle-characters/001_000001-000100_obs-char-bucket_oracle-characters/031_obs-char-000031_hust-obc-cat-0036_oracle-character/01_candidate-character-packet.json,src-hust-obc,hust-obc-cat-0036,㐚,U+341A,1,false,1,hust-obc-obs-char-promo-000031,obs-cand-000031,hust-obc-src-cat-0036,reserved_candidate_not_assigned,needs_cross_source_review,unknown_until_cross_source_review,dataset_label_candidate_not_accepted_reading,source_marked_risk_noted,needs_cross_source_review,candidate_packet_not_accepted_character_record_not_scholarship,"Candidate packet only. This is not an accepted oracle character record, not an accepted reading, not a source promotion, and not a decipherment conclusion. The HUST-OBC label is dataset metadata for lookup until cross-source review.",2026-06-10
hust-obc-candidate-packet-000032,obs-char-000032,corpus/001_oracle-characters/001_000001-000100_obs-char-bucket_oracle-characters/032_obs-char-000032_hust-obc-cat-0037_oracle-character/01_candidate-character-packet.json,src-hust-obc,hust-obc-cat-0037,㐛,U+341B,1,false,1,hust-obc-obs-char-promo-000032,obs-cand-000032,hust-obc-src-cat-0037,reserved_candidate_not_assigned,needs_cross_source_review,unknown_until_cross_source_review,dataset_label_candidate_not_accepted_reading,source_marked_risk_noted,needs_cross_source_review,candidate_packet_not_accepted_character_record_not_scholarship,"Candidate packet only. This is not an accepted oracle character record, not an accepted reading, not a source promotion, and not a decipherment conclusion. The HUST-OBC label is dataset metadata for lookup until cross-source review.",2026-06-10
hust-obc-candidate-packet-000033,obs-char-000033,corpus/001_oracle-characters/001_000001-000100_obs-char-bucket_oracle-characters/033_obs-char-000033_hust-obc-cat-0038_oracle-character/01_candidate-character-packet.json,src-hust-obc,hust-obc-cat-0038,㐜,U+341C,1,false,1,hust-obc-obs-char-promo-000033,obs-cand-000033,hust-obc-src-cat-0038,reserved_candidate_not_assigned,needs_cross_source_review,unknown_until_cross_source_review,dataset_label_candidate_not_accepted_reading,source_marked_risk_noted,needs_cross_source_review,candidate_packet_not_accepted_character_record_not_scholarship,"Candidate packet only. This is not an accepted oracle character record, not an accepted reading, not a source promotion, and not a decipherment conclusion. The HUST-OBC label is dataset metadata for lookup until cross-source review.",2026-06-10
hust-obc-candidate-packet-000034,obs-char-000034,corpus/001_oracle-characters/001_000001-000100_obs-char-bucket_oracle-characters/034_obs-char-000034_hust-obc-cat-0039_oracle-character/01_candidate-character-packet.json,src-hust-obc,hust-obc-cat-0039,㐝,U+341D,1,false,1,hust-obc-obs-char-promo-000034,obs-cand-000034,hust-obc-src-cat-0039,reserved_candidate_not_assigned,needs_cross_source_review,unknown_until_cross_source_review,dataset_label_candidate_not_accepted_reading,source_marked_risk_noted,needs_cross_source_review,candidate_packet_not_accepted_character_record_not_scholarship,"Candidate packet only. This is not an accepted oracle character record, not an accepted reading, not a source promotion, and not a decipherment conclusion. The HUST-OBC label is dataset metadata for lookup until cross-source review.",2026-06-10
hust-obc-candidate-packet-000035,obs-char-000035,corpus/001_oracle-characters/001_000001-000100_obs-char-bucket_oracle-characters/035_obs-char-000035_hust-obc-cat-0040_oracle-character/01_candidate-character-packet.json,src-hust-obc,hust-obc-cat-0040,㐞,U+341E,1,false,1,hust-obc-obs-char-promo-000035,obs-cand-000035,hust-obc-src-cat-0040,reserved_candidate_not_assigned,needs_cross_source_review,unknown_until_cross_source_review,dataset_label_candidate_not_accepted_reading,source_marked_risk_noted,needs_cross_source_review,candidate_packet_not_accepted_character_record_not_scholarship,"Candidate packet only. This is not an accepted oracle character record, not an accepted reading, not a source promotion, and not a decipherment conclusion. The HUST-OBC label is dataset metadata for lookup until cross-source review.",2026-06-10
hust-obc-candidate-packet-000036,obs-char-000036,corpus/001_oracle-characters/001_000001-000100_obs-char-bucket_oracle-characters/036_obs-char-000036_hust-obc-cat-0041_0042_oracle-character/01_candidate-character-packet.json,src-hust-obc,hust-obc-cat-0041_0042,㐟㐠,U+341F;U+3420,2,true,2,hust-obc-obs-char-promo-000036,obs-cand-000036,hust-obc-src-cat-0041;hust-obc-src-cat-0042,reserved_candidate_not_assigned,needs_cross_source_review,unknown_until_cross_source_review,dataset_label_candidate_not_accepted_reading,source_marked_risk_noted,needs_cross_source_review,candidate_packet_not_accepted_character_record_not_scholarship,"Candidate packet only. This is not an accepted oracle character record, not an accepted reading, not a source promotion, and not a decipherment conclusion. The HUST-OBC label is dataset metadata for lookup until cross-source review.",2026-06-10
hust-obc-candidate-packet-000037,obs-char-000037,corpus/001_oracle-characters/001_000001-000100_obs-char-bucket_oracle-characters/037_obs-char-000037_hust-obc-cat-0043_oracle-character/01_candidate-character-packet.json,src-hust-obc,hust-obc-cat-0043,㐡,U+3421,1,false,1,hust-obc-obs-char-promo-000037,obs-cand-000037,hust-obc-src-cat-0043,reserved_candidate_not_assigned,needs_cross_source_review,unknown_until_cross_source_review,dataset_label_candidate_not_accepted_reading,source_marked_risk_noted,needs_cross_source_review,candidate_packet_not_accepted_character_record_not_scholarship,"Candidate packet only. This is not an accepted oracle character record, not an accepted reading, not a source promotion, and not a decipherment conclusion. The HUST-OBC label is dataset metadata for lookup until cross-source review.",2026-06-10
hust-obc-candidate-packet-000038,obs-char-000038,corpus/001_oracle-characters/001_000001-000100_obs-char-bucket_oracle-characters/038_obs-char-000038_hust-obc-cat-0044_oracle-character/01_candidate-character-packet.json,src-hust-obc,hust-obc-cat-0044,㐢,U+3422,1,false,1,hust-obc-obs-char-promo-000038,obs-cand-000038,hust-obc-src-cat-0044,reserved_candidate_not_assigned,needs_cross_source_review,unknown_until_cross_source_review,dataset_label_candidate_not_accepted_reading,source_marked_risk_noted,needs_cross_source_review,candidate_packet_not_accepted_character_record_not_scholarship,"Candidate packet only. This is not an accepted oracle character record, not an accepted reading, not a source promotion, and not a decipherment conclusion. The HUST-OBC label is dataset metadata for lookup until cross-source review.",2026-06-10
hust-obc-candidate-packet-000039,obs-char-000039,corpus/001_oracle-characters/001_000001-000100_obs-char-bucket_oracle-characters/039_obs-char-000039_hust-obc-cat-0045_oracle-character/01_candidate-character-packet.json,src-hust-obc,hust-obc-cat-0045,㐣,U+3423,1,false,1,hust-obc-obs-char-promo-000039,obs-cand-000039,hust-obc-src-cat-0045,reserved_candidate_not_assigned,needs_cross_source_review,unknown_until_cross_source_review,dataset_label_candidate_not_accepted_reading,source_marked_risk_noted,needs_cross_source_review,candidate_packet_not_accepted_character_record_not_scholarship,"Candidate packet only. This is not an accepted oracle character record, not an accepted reading, not a source promotion, and not a decipherment conclusion. The HUST-OBC label is dataset metadata for lookup until cross-source review.",2026-06-10
hust-obc-candidate-packet-000040,obs-char-000040,corpus/001_oracle-characters/001_000001-000100_obs-char-bucket_oracle-characters/040_obs-char-000040_hust-obc-cat-0046_oracle-character/01_candidate-character-packet.json,src-hust-obc,hust-obc-cat-0046,㐤,U+3424,1,false,1,hust-obc-obs-char-promo-000040,obs-cand-000040,hust-obc-src-cat-0046,reserved_candidate_not_assigned,needs_cross_source_review,unknown_until_cross_source_review,dataset_label_candidate_not_accepted_reading,source_marked_risk_noted,needs_cross_source_review,candidate_packet_not_accepted_character_record_not_scholarship,"Candidate packet only. This is not an accepted oracle character record, not an accepted reading, not a source promotion, and not a decipherment conclusion. The HUST-OBC label is dataset metadata for lookup until cross-source review.",2026-06-10
hust-obc-candidate-packet-000041,obs-char-000041,corpus/001_oracle-characters/001_000001-000100_obs-char-bucket_oracle-characters/041_obs-char-000041_hust-obc-cat-0047_oracle-character/01_candidate-character-packet.json,src-hust-obc,hust-obc-cat-0047,㐥,U+3425,1,false,1,hust-obc-obs-char-promo-000041,obs-cand-000041,hust-obc-src-cat-0047,reserved_candidate_not_assigned,needs_cross_source_review,unknown_until_cross_source_review,dataset_label_candidate_not_accepted_reading,source_marked_risk_noted,needs_cross_source_review,candidate_packet_not_accepted_character_record_not_scholarship,"Candidate packet only. This is not an accepted oracle character record, not an accepted reading, not a source promotion, and not a decipherment conclusion. The HUST-OBC label is dataset metadata for lookup until cross-source review.",2026-06-10
hust-obc-candidate-packet-000042,obs-char-000042,corpus/001_oracle-characters/001_000001-000100_obs-char-bucket_oracle-characters/042_obs-char-000042_hust-obc-cat-0048_0049_oracle-character/01_candidate-character-packet.json,src-hust-obc,hust-obc-cat-0048_0049,㐦㐧,U+3426;U+3427,2,true,2,hust-obc-obs-char-promo-000042,obs-cand-000042,hust-obc-src-cat-0048;hust-obc-src-cat-0049,reserved_candidate_not_assigned,needs_cross_source_review,unknown_until_cross_source_review,dataset_label_candidate_not_accepted_reading,source_marked_risk_noted,needs_cross_source_review,candidate_packet_not_accepted_character_record_not_scholarship,"Candidate packet only. This is not an accepted oracle character record, not an accepted reading, not a source promotion, and not a decipherment conclusion. The HUST-OBC label is dataset metadata for lookup until cross-source review.",2026-06-10
hust-obc-candidate-packet-000043,obs-char-000043,corpus/001_oracle-characters/001_000001-000100_obs-char-bucket_oracle-characters/043_obs-char-000043_hust-obc-cat-0050_oracle-character/01_candidate-character-packet.json,src-hust-obc,hust-obc-cat-0050,㐨,U+3428,1,false,1,hust-obc-obs-char-promo-000043,obs-cand-000043,hust-obc-src-cat-0050,reserved_candidate_not_assigned,needs_cross_source_review,unknown_until_cross_source_review,dataset_label_candidate_not_accepted_reading,source_marked_risk_noted,needs_cross_source_review,candidate_packet_not_accepted_character_record_not_scholarship,"Candidate packet only. This is not an accepted oracle character record, not an accepted reading, not a source promotion, and not a decipherment conclusion. The HUST-OBC label is dataset metadata for lookup until cross-source review.",2026-06-10
hust-obc-candidate-packet-000044,obs-char-000044,corpus/001_oracle-characters/001_000001-000100_obs-char-bucket_oracle-characters/044_obs-char-000044_hust-obc-cat-0051_oracle-character/01_candidate-character-packet.json,src-hust-obc,hust-obc-cat-0051,㐩,U+3429,1,false,1,hust-obc-obs-char-promo-000044,obs-cand-000044,hust-obc-src-cat-0051,reserved_candidate_not_assigned,needs_cross_source_review,unknown_until_cross_source_review,dataset_label_candidate_not_accepted_reading,source_marked_risk_noted,needs_cross_source_review,candidate_packet_not_accepted_character_record_not_scholarship,"Candidate packet only. This is not an accepted oracle character record, not an accepted reading, not a source promotion, and not a decipherment conclusion. The HUST-OBC label is dataset metadata for lookup until cross-source review.",2026-06-10
hust-obc-candidate-packet-000045,obs-char-000045,corpus/001_oracle-characters/001_000001-000100_obs-char-bucket_oracle-characters/045_obs-char-000045_hust-obc-cat-0052_0053_oracle-character/01_candidate-character-packet.json,src-hust-obc,hust-obc-cat-0052_0053,㐪㐫,U+342A;U+342B,2,true,2,hust-obc-obs-char-promo-000045,obs-cand-000045,hust-obc-src-cat-0052;hust-obc-src-cat-0053,reserved_candidate_not_assigned,needs_cross_source_review,unknown_until_cross_source_review,dataset_label_candidate_not_accepted_reading,source_marked_risk_noted,needs_cross_source_review,candidate_packet_not_accepted_character_record_not_scholarship,"Candidate packet only. This is not an accepted oracle character record, not an accepted reading, not a source promotion, and not a decipherment conclusion. The HUST-OBC label is dataset metadata for lookup until cross-source review.",2026-06-10
hust-obc-candidate-packet-000046,obs-char-000046,corpus/001_oracle-characters/001_000001-000100_obs-char-bucket_oracle-characters/046_obs-char-000046_hust-obc-cat-0054_oracle-character/01_candidate-character-packet.json,src-hust-obc,hust-obc-cat-0054,㐬,U+342C,1,false,1,hust-obc-obs-char-promo-000046,obs-cand-000046,hust-obc-src-cat-0054,reserved_candidate_not_assigned,needs_cross_source_review,unknown_until_cross_source_review,dataset_label_candidate_not_accepted_reading,source_marked_risk_noted,needs_cross_source_review,candidate_packet_not_accepted_character_record_not_scholarship,"Candidate packet only. This is not an accepted oracle character record, not an accepted reading, not a source promotion, and not a decipherment conclusion. The HUST-OBC label is dataset metadata for lookup until cross-source review.",2026-06-10
hust-obc-candidate-packet-000047,obs-char-000047,corpus/001_oracle-characters/001_000001-000100_obs-char-bucket_oracle-characters/047_obs-char-000047_hust-obc-cat-0055_oracle-character/01_candidate-character-packet.json,src-hust-obc,hust-obc-cat-0055,㐭,U+342D,1,false,1,hust-obc-obs-char-promo-000047,obs-cand-000047,hust-obc-src-cat-0055,reserved_candidate_not_assigned,needs_cross_source_review,unknown_until_cross_source_review,dataset_label_candidate_not_accepted_reading,source_marked_risk_noted,needs_cross_source_review,candidate_packet_not_accepted_character_record_not_scholarship,"Candidate packet only. This is not an accepted oracle character record, not an accepted reading, not a source promotion, and not a decipherment conclusion. The HUST-OBC label is dataset metadata for lookup until cross-source review.",2026-06-10
hust-obc-candidate-packet-000048,obs-char-000048,corpus/001_oracle-characters/001_000001-000100_obs-char-bucket_oracle-characters/048_obs-char-000048_hust-obc-cat-0056_oracle-character/01_candidate-character-packet.json,src-hust-obc,hust-obc-cat-0056,㐮,U+342E,1,false,1,hust-obc-obs-char-promo-000048,obs-cand-000048,hust-obc-src-cat-0056,reserved_candidate_not_assigned,needs_cross_source_review,unknown_until_cross_source_review,dataset_label_candidate_not_accepted_reading,source_marked_risk_noted,needs_cross_source_review,candidate_packet_not_accepted_character_record_not_scholarship,"Candidate packet only. This is not an accepted oracle character record, not an accepted reading, not a source promotion, and not a decipherment conclusion. The HUST-OBC label is dataset metadata for lookup until cross-source review.",2026-06-10
hust-obc-candidate-packet-000049,obs-char-000049,corpus/001_oracle-characters/001_000001-000100_obs-char-bucket_oracle-characters/049_obs-char-000049_hust-obc-cat-0057_oracle-character/01_candidate-character-packet.json,src-hust-obc,hust-obc-cat-0057,㐯,U+342F,1,false,1,hust-obc-obs-char-promo-000049,obs-cand-000049,hust-obc-src-cat-0057,reserved_candidate_not_assigned,needs_cross_source_review,unknown_until_cross_source_review,dataset_label_candidate_not_accepted_reading,source_marked_risk_noted,needs_cross_source_review,candidate_packet_not_accepted_character_record_not_scholarship,"Candidate packet only. This is not an accepted oracle character record, not an accepted reading, not a source promotion, and not a decipherment conclusion. The HUST-OBC label is dataset metadata for lookup until cross-source review.",2026-06-10
hust-obc-candidate-packet-000050,obs-char-000050,corpus/001_oracle-characters/001_000001-000100_obs-char-bucket_oracle-characters/050_obs-char-000050_hust-obc-cat-0058_oracle-character/01_candidate-character-packet.json,src-hust-obc,hust-obc-cat-0058,㐰,U+3430,1,false,1,hust-obc-obs-char-promo-000050,obs-cand-000050,hust-obc-src-cat-0058,reserved_candidate_not_assigned,needs_cross_source_review,unknown_until_cross_source_review,dataset_label_candidate_not_accepted_reading,source_marked_risk_noted,needs_cross_source_review,candidate_packet_not_accepted_character_record_not_scholarship,"Candidate packet only. This is not an accepted oracle character record, not an accepted reading, not a source promotion, and not a decipherment conclusion. The HUST-OBC label is dataset metadata for lookup until cross-source review.",2026-06-10
hust-obc-candidate-packet-000051,obs-char-000051,corpus/001_oracle-characters/001_000001-000100_obs-char-bucket_oracle-characters/051_obs-char-000051_hust-obc-cat-0059_oracle-character/01_candidate-character-packet.json,src-hust-obc,hust-obc-cat-0059,㐱,U+3431,1,false,1,hust-obc-obs-char-promo-000051,obs-cand-000051,hust-obc-src-cat-0059,reserved_candidate_not_assigned,needs_cross_source_review,unknown_until_cross_source_review,dataset_label_candidate_not_accepted_reading,source_marked_risk_noted,needs_cross_source_review,candidate_packet_not_accepted_character_record_not_scholarship,"Candidate packet only. This is not an accepted oracle character record, not an accepted reading, not a source promotion, and not a decipherment conclusion. The HUST-OBC label is dataset metadata for lookup until cross-source review.",2026-06-10
hust-obc-candidate-packet-000052,obs-char-000052,corpus/001_oracle-characters/001_000001-000100_obs-char-bucket_oracle-characters/052_obs-char-000052_hust-obc-cat-0060_oracle-character/01_candidate-character-packet.json,src-hust-obc,hust-obc-cat-0060,㐲,U+3432,1,false,1,hust-obc-obs-char-promo-000052,obs-cand-000052,hust-obc-src-cat-0060,reserved_candidate_not_assigned,needs_cross_source_review,unknown_until_cross_source_review,dataset_label_candidate_not_accepted_reading,source_marked_risk_noted,needs_cross_source_review,candidate_packet_not_accepted_character_record_not_scholarship,"Candidate packet only. This is not an accepted oracle character record, not an accepted reading, not a source promotion, and not a decipherment conclusion. The HUST-OBC label is dataset metadata for lookup until cross-source review.",2026-06-10
hust-obc-candidate-packet-000053,obs-char-000053,corpus/001_oracle-characters/001_000001-000100_obs-char-bucket_oracle-characters/053_obs-char-000053_hust-obc-cat-0061_oracle-character/01_candidate-character-packet.json,src-hust-obc,hust-obc-cat-0061,㐳,U+3433,1,false,1,hust-obc-obs-char-promo-000053,obs-cand-000053,hust-obc-src-cat-0061,reserved_candidate_not_assigned,needs_cross_source_review,unknown_until_cross_source_review,dataset_label_candidate_not_accepted_reading,source_marked_risk_noted,needs_cross_source_review,candidate_packet_not_accepted_character_record_not_scholarship,"Candidate packet only. This is not an accepted oracle character record, not an accepted reading, not a source promotion, and not a decipherment conclusion. The HUST-OBC label is dataset metadata for lookup until cross-source review.",2026-06-10
hust-obc-candidate-packet-000054,obs-char-000054,corpus/001_oracle-characters/001_000001-000100_obs-char-bucket_oracle-characters/054_obs-char-000054_hust-obc-cat-0062_0063_oracle-character/01_candidate-character-packet.json,src-hust-obc,hust-obc-cat-0062_0063,㐴㐵,U+3434;U+3435,2,true,2,hust-obc-obs-char-promo-000054,obs-cand-000054,hust-obc-src-cat-0062;hust-obc-src-cat-0063,reserved_candidate_not_assigned,needs_cross_source_review,unknown_until_cross_source_review,dataset_label_candidate_not_accepted_reading,source_marked_risk_noted,needs_cross_source_review,candidate_packet_not_accepted_character_record_not_scholarship,"Candidate packet only. This is not an accepted oracle character record, not an accepted reading, not a source promotion, and not a decipherment conclusion. The HUST-OBC label is dataset metadata for lookup until cross-source review.",2026-06-10
hust-obc-candidate-packet-000055,obs-char-000055,corpus/001_oracle-characters/001_000001-000100_obs-char-bucket_oracle-characters/055_obs-char-000055_hust-obc-cat-0064_oracle-character/01_candidate-character-packet.json,src-hust-obc,hust-obc-cat-0064,㐶,U+3436,1,false,1,hust-obc-obs-char-promo-000055,obs-cand-000055,hust-obc-src-cat-0064,reserved_candidate_not_assigned,needs_cross_source_review,unknown_until_cross_source_review,dataset_label_candidate_not_accepted_reading,source_marked_risk_noted,needs_cross_source_review,candidate_packet_not_accepted_character_record_not_scholarship,"Candidate packet only. This is not an accepted oracle character record, not an accepted reading, not a source promotion, and not a decipherment conclusion. The HUST-OBC label is dataset metadata for lookup until cross-source review.",2026-06-10
hust-obc-candidate-packet-000056,obs-char-000056,corpus/001_oracle-characters/001_000001-000100_obs-char-bucket_oracle-characters/056_obs-char-000056_hust-obc-cat-0065_oracle-character/01_candidate-character-packet.json,src-hust-obc,hust-obc-cat-0065,㐷,U+3437,1,false,1,hust-obc-obs-char-promo-000056,obs-cand-000056,hust-obc-src-cat-0065,reserved_candidate_not_assigned,needs_cross_source_review,unknown_until_cross_source_review,dataset_label_candidate_not_accepted_reading,source_marked_risk_noted,needs_cross_source_review,candidate_packet_not_accepted_character_record_not_scholarship,"Candidate packet only. This is not an accepted oracle character record, not an accepted reading, not a source promotion, and not a decipherment conclusion. The HUST-OBC label is dataset metadata for lookup until cross-source review.",2026-06-10
hust-obc-candidate-packet-000057,obs-char-000057,corpus/001_oracle-characters/001_000001-000100_obs-char-bucket_oracle-characters/057_obs-char-000057_hust-obc-cat-0066_oracle-character/01_candidate-character-packet.json,src-hust-obc,hust-obc-cat-0066,㐸,U+3438,1,false,1,hust-obc-obs-char-promo-000057,obs-cand-000057,hust-obc-src-cat-0066,reserved_candidate_not_assigned,needs_cross_source_review,unknown_until_cross_source_review,dataset_label_candidate_not_accepted_reading,source_marked_risk_noted,needs_cross_source_review,candidate_packet_not_accepted_character_record_not_scholarship,"Candidate packet only. This is not an accepted oracle character record, not an accepted reading, not a source promotion, and not a decipherment conclusion. The HUST-OBC label is dataset metadata for lookup until cross-source review.",2026-06-10
hust-obc-candidate-packet-000058,obs-char-000058,corpus/001_oracle-characters/001_000001-000100_obs-char-bucket_oracle-characters/058_obs-char-000058_hust-obc-cat-0067_oracle-character/01_candidate-character-packet.json,src-hust-obc,hust-obc-cat-0067,㐹,U+3439,1,false,1,hust-obc-obs-char-promo-000058,obs-cand-000058,hust-obc-src-cat-0067,reserved_candidate_not_assigned,needs_cross_source_review,unknown_until_cross_source_review,dataset_label_candidate_not_accepted_reading,source_marked_risk_noted,needs_cross_source_review,candidate_packet_not_accepted_character_record_not_scholarship,"Candidate packet only. This is not an accepted oracle character record, not an accepted reading, not a source promotion, and not a decipherment conclusion. The HUST-OBC label is dataset metadata for lookup until cross-source review.",2026-06-10
hust-obc-candidate-packet-000059,obs-char-000059,corpus/001_oracle-characters/001_000001-000100_obs-char-bucket_oracle-characters/059_obs-char-000059_hust-obc-cat-0068_oracle-character/01_candidate-character-packet.json,src-hust-obc,hust-obc-cat-0068,㐺,U+343A,1,false,1,hust-obc-obs-char-promo-000059,obs-cand-000059,hust-obc-src-cat-0068,reserved_candidate_not_assigned,needs_cross_source_review,unknown_until_cross_source_review,dataset_label_candidate_not_accepted_reading,source_marked_risk_noted,needs_cross_source_review,candidate_packet_not_accepted_character_record_not_scholarship,"Candidate packet only. This is not an accepted oracle character record, not an accepted reading, not a source promotion, and not a decipherment conclusion. The HUST-OBC label is dataset metadata for lookup until cross-source review.",2026-06-10
hust-obc-candidate-packet-000060,obs-char-000060,corpus/001_oracle-characters/001_000001-000100_obs-char-bucket_oracle-characters/060_obs-char-000060_hust-obc-cat-0069_oracle-character/01_candidate-character-packet.json,src-hust-obc,hust-obc-cat-0069,㐻,U+343B,1,false,1,hust-obc-obs-char-promo-000060,obs-cand-000060,hust-obc-src-cat-0069,reserved_candidate_not_assigned,needs_cross_source_review,unknown_until_cross_source_review,dataset_label_candidate_not_accepted_reading,source_marked_risk_noted,needs_cross_source_review,candidate_packet_not_accepted_character_record_not_scholarship,"Candidate packet only. This is not an accepted oracle character record, not an accepted reading, not a source promotion, and not a decipherment conclusion. The HUST-OBC label is dataset metadata for lookup until cross-source review.",2026-06-10
hust-obc-candidate-packet-000061,obs-char-000061,corpus/001_oracle-characters/001_000001-000100_obs-char-bucket_oracle-characters/061_obs-char-000061_hust-obc-cat-0070_0071_oracle-character/01_candidate-character-packet.json,src-hust-obc,hust-obc-cat-0070_0071,㐼㐽,U+343C;U+343D,2,true,2,hust-obc-obs-char-promo-000061,obs-cand-000061,hust-obc-src-cat-0070;hust-obc-src-cat-0071,reserved_candidate_not_assigned,needs_cross_source_review,unknown_until_cross_source_review,dataset_label_candidate_not_accepted_reading,source_marked_risk_noted,needs_cross_source_review,candidate_packet_not_accepted_character_record_not_scholarship,"Candidate packet only. This is not an accepted oracle character record, not an accepted reading, not a source promotion, and not a decipherment conclusion. The HUST-OBC label is dataset metadata for lookup until cross-source review.",2026-06-10
hust-obc-candidate-packet-000062,obs-char-000062,corpus/001_oracle-characters/001_000001-000100_obs-char-bucket_oracle-characters/062_obs-char-000062_hust-obc-cat-0072_oracle-character/01_candidate-character-packet.json,src-hust-obc,hust-obc-cat-0072,㐾,U+343E,1,false,1,hust-obc-obs-char-promo-000062,obs-cand-000062,hust-obc-src-cat-0072,reserved_candidate_not_assigned,needs_cross_source_review,unknown_until_cross_source_review,dataset_label_candidate_not_accepted_reading,source_marked_risk_noted,needs_cross_source_review,candidate_packet_not_accepted_character_record_not_scholarship,"Candidate packet only. This is not an accepted oracle character record, not an accepted reading, not a source promotion, and not a decipherment conclusion. The HUST-OBC label is dataset metadata for lookup until cross-source review.",2026-06-10
hust-obc-candidate-packet-000063,obs-char-000063,corpus/001_oracle-characters/001_000001-000100_obs-char-bucket_oracle-characters/063_obs-char-000063_hust-obc-cat-0073_oracle-character/01_candidate-character-packet.json,src-hust-obc,hust-obc-cat-0073,㐿,U+343F,1,false,1,hust-obc-obs-char-promo-000063,obs-cand-000063,hust-obc-src-cat-0073,reserved_candidate_not_assigned,needs_cross_source_review,unknown_until_cross_source_review,dataset_label_candidate_not_accepted_reading,source_marked_risk_noted,needs_cross_source_review,candidate_packet_not_accepted_character_record_not_scholarship,"Candidate packet only. This is not an accepted oracle character record, not an accepted reading, not a source promotion, and not a decipherment conclusion. The HUST-OBC label is dataset metadata for lookup until cross-source review.",2026-06-10
hust-obc-candidate-packet-000064,obs-char-000064,corpus/001_oracle-characters/001_000001-000100_obs-char-bucket_oracle-characters/064_obs-char-000064_hust-obc-cat-0074_oracle-character/01_candidate-character-packet.json,src-hust-obc,hust-obc-cat-0074,㑀,U+3440,1,false,1,hust-obc-obs-char-promo-000064,obs-cand-000064,hust-obc-src-cat-0074,reserved_candidate_not_assigned,needs_cross_source_review,unknown_until_cross_source_review,dataset_label_candidate_not_accepted_reading,source_marked_risk_noted,needs_cross_source_review,candidate_packet_not_accepted_character_record_not_scholarship,"Candidate packet only. This is not an accepted oracle character record, not an accepted reading, not a source promotion, and not a decipherment conclusion. The HUST-OBC label is dataset metadata for lookup until cross-source review.",2026-06-10
hust-obc-candidate-packet-000065,obs-char-000065,corpus/001_oracle-characters/001_000001-000100_obs-char-bucket_oracle-characters/065_obs-char-000065_hust-obc-cat-0075_oracle-character/01_candidate-character-packet.json,src-hust-obc,hust-obc-cat-0075,㑁,U+3441,1,false,1,hust-obc-obs-char-promo-000065,obs-cand-000065,hust-obc-src-cat-0075,reserved_candidate_not_assigned,needs_cross_source_review,unknown_until_cross_source_review,dataset_label_candidate_not_accepted_reading,source_marked_risk_noted,needs_cross_source_review,candidate_packet_not_accepted_character_record_not_scholarship,"Candidate packet only. This is not an accepted oracle character record, not an accepted reading, not a source promotion, and not a decipherment conclusion. The HUST-OBC label is dataset metadata for lookup until cross-source review.",2026-06-10
hust-obc-candidate-packet-000066,obs-char-000066,corpus/001_oracle-characters/001_000001-000100_obs-char-bucket_oracle-characters/066_obs-char-000066_hust-obc-cat-0076_oracle-character/01_candidate-character-packet.json,src-hust-obc,hust-obc-cat-0076,㑂,U+3442,1,false,1,hust-obc-obs-char-promo-000066,obs-cand-000066,hust-obc-src-cat-0076,reserved_candidate_not_assigned,needs_cross_source_review,unknown_until_cross_source_review,dataset_label_candidate_not_accepted_reading,source_marked_risk_noted,needs_cross_source_review,candidate_packet_not_accepted_character_record_not_scholarship,"Candidate packet only. This is not an accepted oracle character record, not an accepted reading, not a source promotion, and not a decipherment conclusion. The HUST-OBC label is dataset metadata for lookup until cross-source review.",2026-06-10
hust-obc-candidate-packet-000067,obs-char-000067,corpus/001_oracle-characters/001_000001-000100_obs-char-bucket_oracle-characters/067_obs-char-000067_hust-obc-cat-0077_oracle-character/01_candidate-character-packet.json,src-hust-obc,hust-obc-cat-0077,㑃,U+3443,1,false,1,hust-obc-obs-char-promo-000067,obs-cand-000067,hust-obc-src-cat-0077,reserved_candidate_not_assigned,needs_cross_source_review,unknown_until_cross_source_review,dataset_label_candidate_not_accepted_reading,source_marked_risk_noted,needs_cross_source_review,candidate_packet_not_accepted_character_record_not_scholarship,"Candidate packet only. This is not an accepted oracle character record, not an accepted reading, not a source promotion, and not a decipherment conclusion. The HUST-OBC label is dataset metadata for lookup until cross-source review.",2026-06-10
hust-obc-candidate-packet-000068,obs-char-000068,corpus/001_oracle-characters/001_000001-000100_obs-char-bucket_oracle-characters/068_obs-char-000068_hust-obc-cat-0078_oracle-character/01_candidate-character-packet.json,src-hust-obc,hust-obc-cat-0078,㑄,U+3444,1,false,1,hust-obc-obs-char-promo-000068,obs-cand-000068,hust-obc-src-cat-0078,reserved_candidate_not_assigned,needs_cross_source_review,unknown_until_cross_source_review,dataset_label_candidate_not_accepted_reading,source_marked_risk_noted,needs_cross_source_review,candidate_packet_not_accepted_character_record_not_scholarship,"Candidate packet only. This is not an accepted oracle character record, not an accepted reading, not a source promotion, and not a decipherment conclusion. The HUST-OBC label is dataset metadata for lookup until cross-source review.",2026-06-10
hust-obc-candidate-packet-000069,obs-char-000069,corpus/001_oracle-characters/001_000001-000100_obs-char-bucket_oracle-characters/069_obs-char-000069_hust-obc-cat-0079_oracle-character/01_candidate-character-packet.json,src-hust-obc,hust-obc-cat-0079,㑅,U+3445,1,false,1,hust-obc-obs-char-promo-000069,obs-cand-000069,hust-obc-src-cat-0079,reserved_candidate_not_assigned,needs_cross_source_review,unknown_until_cross_source_review,dataset_label_candidate_not_accepted_reading,source_marked_risk_noted,needs_cross_source_review,candidate_packet_not_accepted_character_record_not_scholarship,"Candidate packet only. This is not an accepted oracle character record, not an accepted reading, not a source promotion, and not a decipherment conclusion. The HUST-OBC label is dataset metadata for lookup until cross-source review.",2026-06-10
hust-obc-candidate-packet-000070,obs-char-000070,corpus/001_oracle-characters/001_000001-000100_obs-char-bucket_oracle-characters/070_obs-char-000070_hust-obc-cat-0080_oracle-character/01_candidate-character-packet.json,src-hust-obc,hust-obc-cat-0080,㑆,U+3446,1,false,1,hust-obc-obs-char-promo-000070,obs-cand-000070,hust-obc-src-cat-0080,reserved_candidate_not_assigned,needs_cross_source_review,unknown_until_cross_source_review,dataset_label_candidate_not_accepted_reading,source_marked_risk_noted,needs_cross_source_review,candidate_packet_not_accepted_character_record_not_scholarship,"Candidate packet only. This is not an accepted oracle character record, not an accepted reading, not a source promotion, and not a decipherment conclusion. The HUST-OBC label is dataset metadata for lookup until cross-source review.",2026-06-10
hust-obc-candidate-packet-000071,obs-char-000071,corpus/001_oracle-characters/001_000001-000100_obs-char-bucket_oracle-characters/071_obs-char-000071_hust-obc-cat-0081_oracle-character/01_candidate-character-packet.json,src-hust-obc,hust-obc-cat-0081,㑇,U+3447,1,false,1,hust-obc-obs-char-promo-000071,obs-cand-000071,hust-obc-src-cat-0081,reserved_candidate_not_assigned,needs_cross_source_review,unknown_until_cross_source_review,dataset_label_candidate_not_accepted_reading,source_marked_risk_noted,needs_cross_source_review,candidate_packet_not_accepted_character_record_not_scholarship,"Candidate packet only. This is not an accepted oracle character record, not an accepted reading, not a source promotion, and not a decipherment conclusion. The HUST-OBC label is dataset metadata for lookup until cross-source review.",2026-06-10
hust-obc-candidate-packet-000072,obs-char-000072,corpus/001_oracle-characters/001_000001-000100_obs-char-bucket_oracle-characters/072_obs-char-000072_hust-obc-cat-0082_oracle-character/01_candidate-character-packet.json,src-hust-obc,hust-obc-cat-0082,㑈,U+3448,1,false,1,hust-obc-obs-char-promo-000072,obs-cand-000072,hust-obc-src-cat-0082,reserved_candidate_not_assigned,needs_cross_source_review,unknown_until_cross_source_review,dataset_label_candidate_not_accepted_reading,source_marked_risk_noted,needs_cross_source_review,candidate_packet_not_accepted_character_record_not_scholarship,"Candidate packet only. This is not an accepted oracle character record, not an accepted reading, not a source promotion, and not a decipherment conclusion. The HUST-OBC label is dataset metadata for lookup until cross-source review.",2026-06-10
hust-obc-candidate-packet-000073,obs-char-000073,corpus/001_oracle-characters/001_000001-000100_obs-char-bucket_oracle-characters/073_obs-char-000073_hust-obc-cat-0083_oracle-character/01_candidate-character-packet.json,src-hust-obc,hust-obc-cat-0083,㑉,U+3449,1,false,1,hust-obc-obs-char-promo-000073,obs-cand-000073,hust-obc-src-cat-0083,reserved_candidate_not_assigned,needs_cross_source_review,unknown_until_cross_source_review,dataset_label_candidate_not_accepted_reading,source_marked_risk_noted,needs_cross_source_review,candidate_packet_not_accepted_character_record_not_scholarship,"Candidate packet only. This is not an accepted oracle character record, not an accepted reading, not a source promotion, and not a decipherment conclusion. The HUST-OBC label is dataset metadata for lookup until cross-source review.",2026-06-10
hust-obc-candidate-packet-000074,obs-char-000074,corpus/001_oracle-characters/001_000001-000100_obs-char-bucket_oracle-characters/074_obs-char-000074_hust-obc-cat-0084_oracle-character/01_candidate-character-packet.json,src-hust-obc,hust-obc-cat-0084,㑊,U+344A,1,false,1,hust-obc-obs-char-promo-000074,obs-cand-000074,hust-obc-src-cat-0084,reserved_candidate_not_assigned,needs_cross_source_review,unknown_until_cross_source_review,dataset_label_candidate_not_accepted_reading,source_marked_risk_noted,needs_cross_source_review,candidate_packet_not_accepted_character_record_not_scholarship,"Candidate packet only. This is not an accepted oracle character record, not an accepted reading, not a source promotion, and not a decipherment conclusion. The HUST-OBC label is dataset metadata for lookup until cross-source review.",2026-06-10
hust-obc-candidate-packet-000075,obs-char-000075,corpus/001_oracle-characters/001_000001-000100_obs-char-bucket_oracle-characters/075_obs-char-000075_hust-obc-cat-0085_oracle-character/01_candidate-character-packet.json,src-hust-obc,hust-obc-cat-0085,㑋,U+344B,1,false,1,hust-obc-obs-char-promo-000075,obs-cand-000075,hust-obc-src-cat-0085,reserved_candidate_not_assigned,needs_cross_source_review,unknown_until_cross_source_review,dataset_label_candidate_not_accepted_reading,source_marked_risk_noted,needs_cross_source_review,candidate_packet_not_accepted_character_record_not_scholarship,"Candidate packet only. This is not an accepted oracle character record, not an accepted reading, not a source promotion, and not a decipherment conclusion. The HUST-OBC label is dataset metadata for lookup until cross-source review.",2026-06-10
hust-obc-candidate-packet-000076,obs-char-000076,corpus/001_oracle-characters/001_000001-000100_obs-char-bucket_oracle-characters/076_obs-char-000076_hust-obc-cat-0086_oracle-character/01_candidate-character-packet.json,src-hust-obc,hust-obc-cat-0086,㑌,U+344C,1,false,1,hust-obc-obs-char-promo-000076,obs-cand-000076,hust-obc-src-cat-0086,reserved_candidate_not_assigned,needs_cross_source_review,unknown_until_cross_source_review,dataset_label_candidate_not_accepted_reading,source_marked_risk_noted,needs_cross_source_review,candidate_packet_not_accepted_character_record_not_scholarship,"Candidate packet only. This is not an accepted oracle character record, not an accepted reading, not a source promotion, and not a decipherment conclusion. The HUST-OBC label is dataset metadata for lookup until cross-source review.",2026-06-10
hust-obc-candidate-packet-000077,obs-char-000077,corpus/001_oracle-characters/001_000001-000100_obs-char-bucket_oracle-characters/077_obs-char-000077_hust-obc-cat-0087_oracle-character/01_candidate-character-packet.json,src-hust-obc,hust-obc-cat-0087,㑍,U+344D,1,false,1,hust-obc-obs-char-promo-000077,obs-cand-000077,hust-obc-src-cat-0087,reserved_candidate_not_assigned,needs_cross_source_review,unknown_until_cross_source_review,dataset_label_candidate_not_accepted_reading,source_marked_risk_noted,needs_cross_source_review,candidate_packet_not_accepted_character_record_not_scholarship,"Candidate packet only. This is not an accepted oracle character record, not an accepted reading, not a source promotion, and not a decipherment conclusion. The HUST-OBC label is dataset metadata for lookup until cross-source review.",2026-06-10
hust-obc-candidate-packet-000078,obs-char-000078,corpus/001_oracle-characters/001_000001-000100_obs-char-bucket_oracle-characters/078_obs-char-000078_hust-obc-cat-0088_oracle-character/01_candidate-character-packet.json,src-hust-obc,hust-obc-cat-0088,㑎,U+344E,1,false,1,hust-obc-obs-char-promo-000078,obs-cand-000078,hust-obc-src-cat-0088,reserved_candidate_not_assigned,needs_cross_source_review,unknown_until_cross_source_review,dataset_label_candidate_not_accepted_reading,source_marked_risk_noted,needs_cross_source_review,candidate_packet_not_accepted_character_record_not_scholarship,"Candidate packet only. This is not an accepted oracle character record, not an accepted reading, not a source promotion, and not a decipherment conclusion. The HUST-OBC label is dataset metadata for lookup until cross-source review.",2026-06-10
hust-obc-candidate-packet-000079,obs-char-000079,corpus/001_oracle-characters/001_000001-000100_obs-char-bucket_oracle-characters/079_obs-char-000079_hust-obc-cat-0089_oracle-character/01_candidate-character-packet.json,src-hust-obc,hust-obc-cat-0089,㑏,U+344F,1,false,1,hust-obc-obs-char-promo-000079,obs-cand-000079,hust-obc-src-cat-0089,reserved_candidate_not_assigned,needs_cross_source_review,unknown_until_cross_source_review,dataset_label_candidate_not_accepted_reading,source_marked_risk_noted,needs_cross_source_review,candidate_packet_not_accepted_character_record_not_scholarship,"Candidate packet only. This is not an accepted oracle character record, not an accepted reading, not a source promotion, and not a decipherment conclusion. The HUST-OBC label is dataset metadata for lookup until cross-source review.",2026-06-10
hust-obc-candidate-packet-000080,obs-char-000080,corpus/001_oracle-characters/001_000001-000100_obs-char-bucket_oracle-characters/080_obs-char-000080_hust-obc-cat-0090_oracle-character/01_candidate-character-packet.json,src-hust-obc,hust-obc-cat-0090,㑐,U+3450,1,false,1,hust-obc-obs-char-promo-000080,obs-cand-000080,hust-obc-src-cat-0090,reserved_candidate_not_assigned,needs_cross_source_review,unknown_until_cross_source_review,dataset_label_candidate_not_accepted_reading,source_marked_risk_noted,needs_cross_source_review,candidate_packet_not_accepted_character_record_not_scholarship,"Candidate packet only. This is not an accepted oracle character record, not an accepted reading, not a source promotion, and not a decipherment conclusion. The HUST-OBC label is dataset metadata for lookup until cross-source review.",2026-06-10
hust-obc-candidate-packet-000081,obs-char-000081,corpus/001_oracle-characters/001_000001-000100_obs-char-bucket_oracle-characters/081_obs-char-000081_hust-obc-cat-0091_oracle-character/01_candidate-character-packet.json,src-hust-obc,hust-obc-cat-0091,㑑,U+3451,1,false,1,hust-obc-obs-char-promo-000081,obs-cand-000081,hust-obc-src-cat-0091,reserved_candidate_not_assigned,needs_cross_source_review,unknown_until_cross_source_review,dataset_label_candidate_not_accepted_reading,source_marked_risk_noted,needs_cross_source_review,candidate_packet_not_accepted_character_record_not_scholarship,"Candidate packet only. This is not an accepted oracle character record, not an accepted reading, not a source promotion, and not a decipherment conclusion. The HUST-OBC label is dataset metadata for lookup until cross-source review.",2026-06-10
hust-obc-candidate-packet-000082,obs-char-000082,corpus/001_oracle-characters/001_000001-000100_obs-char-bucket_oracle-characters/082_obs-char-000082_hust-obc-cat-0092_oracle-character/01_candidate-character-packet.json,src-hust-obc,hust-obc-cat-0092,㑒,U+3452,1,false,1,hust-obc-obs-char-promo-000082,obs-cand-000082,hust-obc-src-cat-0092,reserved_candidate_not_assigned,needs_cross_source_review,unknown_until_cross_source_review,dataset_label_candidate_not_accepted_reading,source_marked_risk_noted,needs_cross_source_review,candidate_packet_not_accepted_character_record_not_scholarship,"Candidate packet only. This is not an accepted oracle character record, not an accepted reading, not a source promotion, and not a decipherment conclusion. The HUST-OBC label is dataset metadata for lookup until cross-source review.",2026-06-10
hust-obc-candidate-packet-000083,obs-char-000083,corpus/001_oracle-characters/001_000001-000100_obs-char-bucket_oracle-characters/083_obs-char-000083_hust-obc-cat-0093_oracle-character/01_candidate-character-packet.json,src-hust-obc,hust-obc-cat-0093,㑓,U+3453,1,false,1,hust-obc-obs-char-promo-000083,obs-cand-000083,hust-obc-src-cat-0093,reserved_candidate_not_assigned,needs_cross_source_review,unknown_until_cross_source_review,dataset_label_candidate_not_accepted_reading,source_marked_risk_noted,needs_cross_source_review,candidate_packet_not_accepted_character_record_not_scholarship,"Candidate packet only. This is not an accepted oracle character record, not an accepted reading, not a source promotion, and not a decipherment conclusion. The HUST-OBC label is dataset metadata for lookup until cross-source review.",2026-06-10
hust-obc-candidate-packet-000084,obs-char-000084,corpus/001_oracle-characters/001_000001-000100_obs-char-bucket_oracle-characters/084_obs-char-000084_hust-obc-cat-0094_oracle-character/01_candidate-character-packet.json,src-hust-obc,hust-obc-cat-0094,㑔,U+3454,1,false,1,hust-obc-obs-char-promo-000084,obs-cand-000084,hust-obc-src-cat-0094,reserved_candidate_not_assigned,needs_cross_source_review,unknown_until_cross_source_review,dataset_label_candidate_not_accepted_reading,source_marked_risk_noted,needs_cross_source_review,candidate_packet_not_accepted_character_record_not_scholarship,"Candidate packet only. This is not an accepted oracle character record, not an accepted reading, not a source promotion, and not a decipherment conclusion. The HUST-OBC label is dataset metadata for lookup until cross-source review.",2026-06-10
hust-obc-candidate-packet-000085,obs-char-000085,corpus/001_oracle-characters/001_000001-000100_obs-char-bucket_oracle-characters/085_obs-char-000085_hust-obc-cat-0095_oracle-character/01_candidate-character-packet.json,src-hust-obc,hust-obc-cat-0095,㑕,U+3455,1,false,1,hust-obc-obs-char-promo-000085,obs-cand-000085,hust-obc-src-cat-0095,reserved_candidate_not_assigned,needs_cross_source_review,unknown_until_cross_source_review,dataset_label_candidate_not_accepted_reading,source_marked_risk_noted,needs_cross_source_review,candidate_packet_not_accepted_character_record_not_scholarship,"Candidate packet only. This is not an accepted oracle character record, not an accepted reading, not a source promotion, and not a decipherment conclusion. The HUST-OBC label is dataset metadata for lookup until cross-source review.",2026-06-10
hust-obc-candidate-packet-000086,obs-char-000086,corpus/001_oracle-characters/001_000001-000100_obs-char-bucket_oracle-characters/086_obs-char-000086_hust-obc-cat-0096_oracle-character/01_candidate-character-packet.json,src-hust-obc,hust-obc-cat-0096,㑖,U+3456,1,false,1,hust-obc-obs-char-promo-000086,obs-cand-000086,hust-obc-src-cat-0096,reserved_candidate_not_assigned,needs_cross_source_review,unknown_until_cross_source_review,dataset_label_candidate_not_accepted_reading,source_marked_risk_noted,needs_cross_source_review,candidate_packet_not_accepted_character_record_not_scholarship,"Candidate packet only. This is not an accepted oracle character record, not an accepted reading, not a source promotion, and not a decipherment conclusion. The HUST-OBC label is dataset metadata for lookup until cross-source review.",2026-06-10
hust-obc-candidate-packet-000087,obs-char-000087,corpus/001_oracle-characters/001_000001-000100_obs-char-bucket_oracle-characters/087_obs-char-000087_hust-obc-cat-0097_oracle-character/01_candidate-character-packet.json,src-hust-obc,hust-obc-cat-0097,㑗,U+3457,1,false,1,hust-obc-obs-char-promo-000087,obs-cand-000087,hust-obc-src-cat-0097,reserved_candidate_not_assigned,needs_cross_source_review,unknown_until_cross_source_review,dataset_label_candidate_not_accepted_reading,source_marked_risk_noted,needs_cross_source_review,candidate_packet_not_accepted_character_record_not_scholarship,"Candidate packet only. This is not an accepted oracle character record, not an accepted reading, not a source promotion, and not a decipherment conclusion. The HUST-OBC label is dataset metadata for lookup until cross-source review.",2026-06-10
hust-obc-candidate-packet-000088,obs-char-000088,corpus/001_oracle-characters/001_000001-000100_obs-char-bucket_oracle-characters/088_obs-char-000088_hust-obc-cat-0098_oracle-character/01_candidate-character-packet.json,src-hust-obc,hust-obc-cat-0098,㑘,U+3458,1,false,1,hust-obc-obs-char-promo-000088,obs-cand-000088,hust-obc-src-cat-0098,reserved_candidate_not_assigned,needs_cross_source_review,unknown_until_cross_source_review,dataset_label_candidate_not_accepted_reading,source_marked_risk_noted,needs_cross_source_review,candidate_packet_not_accepted_character_record_not_scholarship,"Candidate packet only. This is not an accepted oracle character record, not an accepted reading, not a source promotion, and not a decipherment conclusion. The HUST-OBC label is dataset metadata for lookup until cross-source review.",2026-06-10
hust-obc-candidate-packet-000089,obs-char-000089,corpus/001_oracle-characters/001_000001-000100_obs-char-bucket_oracle-characters/089_obs-char-000089_hust-obc-cat-0099_oracle-character/01_candidate-character-packet.json,src-hust-obc,hust-obc-cat-0099,㑙,U+3459,1,false,1,hust-obc-obs-char-promo-000089,obs-cand-000089,hust-obc-src-cat-0099,reserved_candidate_not_assigned,needs_cross_source_review,unknown_until_cross_source_review,dataset_label_candidate_not_accepted_reading,source_marked_risk_noted,needs_cross_source_review,candidate_packet_not_accepted_character_record_not_scholarship,"Candidate packet only. This is not an accepted oracle character record, not an accepted reading, not a source promotion, and not a decipherment conclusion. The HUST-OBC label is dataset metadata for lookup until cross-source review.",2026-06-10
hust-obc-candidate-packet-000090,obs-char-000090,corpus/001_oracle-characters/001_000001-000100_obs-char-bucket_oracle-characters/090_obs-char-000090_hust-obc-cat-0100_oracle-character/01_candidate-character-packet.json,src-hust-obc,hust-obc-cat-0100,㑚,U+345A,1,false,1,hust-obc-obs-char-promo-000090,obs-cand-000090,hust-obc-src-cat-0100,reserved_candidate_not_assigned,needs_cross_source_review,unknown_until_cross_source_review,dataset_label_candidate_not_accepted_reading,source_marked_risk_noted,needs_cross_source_review,candidate_packet_not_accepted_character_record_not_scholarship,"Candidate packet only. This is not an accepted oracle character record, not an accepted reading, not a source promotion, and not a decipherment conclusion. The HUST-OBC label is dataset metadata for lookup until cross-source review.",2026-06-10
hust-obc-candidate-packet-000091,obs-char-000091,corpus/001_oracle-characters/001_000001-000100_obs-char-bucket_oracle-characters/091_obs-char-000091_hust-obc-cat-0101_oracle-character/01_candidate-character-packet.json,src-hust-obc,hust-obc-cat-0101,㑛,U+345B,1,false,1,hust-obc-obs-char-promo-000091,obs-cand-000091,hust-obc-src-cat-0101,reserved_candidate_not_assigned,needs_cross_source_review,unknown_until_cross_source_review,dataset_label_candidate_not_accepted_reading,source_marked_risk_noted,needs_cross_source_review,candidate_packet_not_accepted_character_record_not_scholarship,"Candidate packet only. This is not an accepted oracle character record, not an accepted reading, not a source promotion, and not a decipherment conclusion. The HUST-OBC label is dataset metadata for lookup until cross-source review.",2026-06-10
hust-obc-candidate-packet-000092,obs-char-000092,corpus/001_oracle-characters/001_000001-000100_obs-char-bucket_oracle-characters/092_obs-char-000092_hust-obc-cat-0102_oracle-character/01_candidate-character-packet.json,src-hust-obc,hust-obc-cat-0102,㑜,U+345C,1,false,1,hust-obc-obs-char-promo-000092,obs-cand-000092,hust-obc-src-cat-0102,reserved_candidate_not_assigned,needs_cross_source_review,unknown_until_cross_source_review,dataset_label_candidate_not_accepted_reading,source_marked_risk_noted,needs_cross_source_review,candidate_packet_not_accepted_character_record_not_scholarship,"Candidate packet only. This is not an accepted oracle character record, not an accepted reading, not a source promotion, and not a decipherment conclusion. The HUST-OBC label is dataset metadata for lookup until cross-source review.",2026-06-10
hust-obc-candidate-packet-000093,obs-char-000093,corpus/001_oracle-characters/001_000001-000100_obs-char-bucket_oracle-characters/093_obs-char-000093_hust-obc-cat-0103_oracle-character/01_candidate-character-packet.json,src-hust-obc,hust-obc-cat-0103,㑝,U+345D,1,false,1,hust-obc-obs-char-promo-000093,obs-cand-000093,hust-obc-src-cat-0103,reserved_candidate_not_assigned,needs_cross_source_review,unknown_until_cross_source_review,dataset_label_candidate_not_accepted_reading,source_marked_risk_noted,needs_cross_source_review,candidate_packet_not_accepted_character_record_not_scholarship,"Candidate packet only. This is not an accepted oracle character record, not an accepted reading, not a source promotion, and not a decipherment conclusion. The HUST-OBC label is dataset metadata for lookup until cross-source review.",2026-06-10
hust-obc-candidate-packet-000094,obs-char-000094,corpus/001_oracle-characters/001_000001-000100_obs-char-bucket_oracle-characters/094_obs-char-000094_hust-obc-cat-0104_oracle-character/01_candidate-character-packet.json,src-hust-obc,hust-obc-cat-0104,㑞,U+345E,1,false,1,hust-obc-obs-char-promo-000094,obs-cand-000094,hust-obc-src-cat-0104,reserved_candidate_not_assigned,needs_cross_source_review,unknown_until_cross_source_review,dataset_label_candidate_not_accepted_reading,source_marked_risk_noted,needs_cross_source_review,candidate_packet_not_accepted_character_record_not_scholarship,"Candidate packet only. This is not an accepted oracle character record, not an accepted reading, not a source promotion, and not a decipherment conclusion. The HUST-OBC label is dataset metadata for lookup until cross-source review.",2026-06-10
hust-obc-candidate-packet-000095,obs-char-000095,corpus/001_oracle-characters/001_000001-000100_obs-char-bucket_oracle-characters/095_obs-char-000095_hust-obc-cat-0105_oracle-character/01_candidate-character-packet.json,src-hust-obc,hust-obc-cat-0105,㑟,U+345F,1,false,1,hust-obc-obs-char-promo-000095,obs-cand-000095,hust-obc-src-cat-0105,reserved_candidate_not_assigned,needs_cross_source_review,unknown_until_cross_source_review,dataset_label_candidate_not_accepted_reading,source_marked_risk_noted,needs_cross_source_review,candidate_packet_not_accepted_character_record_not_scholarship,"Candidate packet only. This is not an accepted oracle character record, not an accepted reading, not a source promotion, and not a decipherment conclusion. The HUST-OBC label is dataset metadata for lookup until cross-source review.",2026-06-10
hust-obc-candidate-packet-000096,obs-char-000096,corpus/001_oracle-characters/001_000001-000100_obs-char-bucket_oracle-characters/096_obs-char-000096_hust-obc-cat-0106_0107_oracle-character/01_candidate-character-packet.json,src-hust-obc,hust-obc-cat-0106_0107,㑠㑡,U+3460;U+3461,2,true,2,hust-obc-obs-char-promo-000096,obs-cand-000096,hust-obc-src-cat-0106;hust-obc-src-cat-0107,reserved_candidate_not_assigned,needs_cross_source_review,unknown_until_cross_source_review,dataset_label_candidate_not_accepted_reading,source_marked_risk_noted,needs_cross_source_review,candidate_packet_not_accepted_character_record_not_scholarship,"Candidate packet only. This is not an accepted oracle character record, not an accepted reading, not a source promotion, and not a decipherment conclusion. The HUST-OBC label is dataset metadata for lookup until cross-source review.",2026-06-10
hust-obc-candidate-packet-000097,obs-char-000097,corpus/001_oracle-characters/001_000001-000100_obs-char-bucket_oracle-characters/097_obs-char-000097_hust-obc-cat-0108_oracle-character/01_candidate-character-packet.json,src-hust-obc,hust-obc-cat-0108,㑢,U+3462,1,false,1,hust-obc-obs-char-promo-000097,obs-cand-000097,hust-obc-src-cat-0108,reserved_candidate_not_assigned,needs_cross_source_review,unknown_until_cross_source_review,dataset_label_candidate_not_accepted_reading,source_marked_risk_noted,needs_cross_source_review,candidate_packet_not_accepted_character_record_not_scholarship,"Candidate packet only. This is not an accepted oracle character record, not an accepted reading, not a source promotion, and not a decipherment conclusion. The HUST-OBC label is dataset metadata for lookup until cross-source review.",2026-06-10
hust-obc-candidate-packet-000098,obs-char-000098,corpus/001_oracle-characters/001_000001-000100_obs-char-bucket_oracle-characters/098_obs-char-000098_hust-obc-cat-0109_oracle-character/01_candidate-character-packet.json,src-hust-obc,hust-obc-cat-0109,㑣,U+3463,1,false,1,hust-obc-obs-char-promo-000098,obs-cand-000098,hust-obc-src-cat-0109,reserved_candidate_not_assigned,needs_cross_source_review,unknown_until_cross_source_review,dataset_label_candidate_not_accepted_reading,source_marked_risk_noted,needs_cross_source_review,candidate_packet_not_accepted_character_record_not_scholarship,"Candidate packet only. This is not an accepted oracle character record, not an accepted reading, not a source promotion, and not a decipherment conclusion. The HUST-OBC label is dataset metadata for lookup until cross-source review.",2026-06-10
hust-obc-candidate-packet-000099,obs-char-000099,corpus/001_oracle-characters/001_000001-000100_obs-char-bucket_oracle-characters/099_obs-char-000099_hust-obc-cat-0110_oracle-character/01_candidate-character-packet.json,src-hust-obc,hust-obc-cat-0110,㑤,U+3464,1,false,1,hust-obc-obs-char-promo-000099,obs-cand-000099,hust-obc-src-cat-0110,reserved_candidate_not_assigned,needs_cross_source_review,unknown_until_cross_source_review,dataset_label_candidate_not_accepted_reading,source_marked_risk_noted,needs_cross_source_review,candidate_packet_not_accepted_character_record_not_scholarship,"Candidate packet only. This is not an accepted oracle character record, not an accepted reading, not a source promotion, and not a decipherment conclusion. The HUST-OBC label is dataset metadata for lookup until cross-source review.",2026-06-10
hust-obc-candidate-packet-000100,obs-char-000100,corpus/001_oracle-characters/001_000001-000100_obs-char-bucket_oracle-characters/100_obs-char-000100_hust-obc-cat-0111_oracle-character/01_candidate-character-packet.json,src-hust-obc,hust-obc-cat-0111,㑥,U+3465,1,false,1,hust-obc-obs-char-promo-000100,obs-cand-000100,hust-obc-src-cat-0111,reserved_candidate_not_assigned,needs_cross_source_review,unknown_until_cross_source_review,dataset_label_candidate_not_accepted_reading,source_marked_risk_noted,needs_cross_source_review,candidate_packet_not_accepted_character_record_not_scholarship,"Candidate packet only. This is not an accepted oracle character record, not an accepted reading, not a source promotion, and not a decipherment conclusion. The HUST-OBC label is dataset metadata for lookup until cross-source review.",2026-06-10
